--------------------------------------------------------
--  File created - Friday-November-30-2012   
--------------------------------------------------------

--------------------------------------------------------
--  DDL for Table USER_ROOT
--------------------------------------------------------
--   Create USER root IDENTIFIED BY passwords;
--   Grant dba TO root;

--------------------------------------------------------
--  DDL for Table TB_APPJOBMAPPER
--------------------------------------------------------

  CREATE TABLE "ROOT"."TB_APPJOBMAPPER" 
   (	"IDAPPJOBMAPPER" VARCHAR2(16 CHAR), 
	"IDAPPLICATIONS" VARCHAR2(16 CHAR), 
	"IDJOBS" VARCHAR2(16 CHAR)
   ) SEGMENT CREATION IMMEDIATE 
  PCTFREE 10 PCTUSED 40 INITRANS 1 MAXTRANS 255 NOCOMPRESS LOGGING
  STORAGE(INITIAL 65536 NEXT 1048576 MINEXTENTS 1 MAXEXTENTS 2147483645
  PCTINCREASE 0 FREELISTS 1 FREELIST GROUPS 1 BUFFER_POOL DEFAULT FLASH_CACHE DEFAULT CELL_FLASH_CACHE DEFAULT)
  TABLESPACE "SYSTEM" ;
--------------------------------------------------------
--  DDL for Table TB_APPLICATIONS
--------------------------------------------------------

  CREATE TABLE "ROOT"."TB_APPLICATIONS" 
   (	"IDAPPLICATIONS" VARCHAR2(16 CHAR), 
	"LICANDIDATEID" VARCHAR2(16 CHAR), 
	"DTENTERED" DATE DEFAULT CURRENT_DATE, 
	"AFIRSTNAME" VARCHAR2(100 CHAR), 
	"ALASTNAME" VARCHAR2(100 CHAR), 
	"ADATEOFBIRTH" DATE DEFAULT NULL, 
	"APROFILESUMMARY" VARCHAR2(500 CHAR), 
	"DOCUMENTID" VARCHAR2(16 CHAR), 
	"AAPPLICATIONEMAIL" VARCHAR2(255 CHAR), 
	"AAPPLICATIONSTATUS" NUMBER(10,0) DEFAULT 0, 
	"DTSTATUSCHANGED" DATE DEFAULT CURRENT_DATE
   ) SEGMENT CREATION IMMEDIATE 
  PCTFREE 10 PCTUSED 40 INITRANS 1 MAXTRANS 255 NOCOMPRESS LOGGING
  STORAGE(INITIAL 65536 NEXT 1048576 MINEXTENTS 1 MAXEXTENTS 2147483645
  PCTINCREASE 0 FREELISTS 1 FREELIST GROUPS 1 BUFFER_POOL DEFAULT FLASH_CACHE DEFAULT CELL_FLASH_CACHE DEFAULT)
  TABLESPACE "SYSTEM" ;
--------------------------------------------------------
--  DDL for Table TB_APPLICATIONSTATUS
--------------------------------------------------------

  CREATE TABLE "ROOT"."TB_APPLICATIONSTATUS" 
   (	"IDTB_APPLICATIONSTATUS" NUMBER(10,0), 
	"AAPPLICATIONSTATUS" NUMBER(10,0), 
	"STERM" VARCHAR2(255 CHAR)
   ) SEGMENT CREATION IMMEDIATE 
  PCTFREE 10 PCTUSED 40 INITRANS 1 MAXTRANS 255 NOCOMPRESS LOGGING
  STORAGE(INITIAL 65536 NEXT 1048576 MINEXTENTS 1 MAXEXTENTS 2147483645
  PCTINCREASE 0 FREELISTS 1 FREELIST GROUPS 1 BUFFER_POOL DEFAULT FLASH_CACHE DEFAULT CELL_FLASH_CACHE DEFAULT)
  TABLESPACE "SYSTEM" ;
--------------------------------------------------------
--  DDL for Table TB_ARTICLES
--------------------------------------------------------

  CREATE TABLE "ROOT"."TB_ARTICLES" 
   (	"SARTICLEID" VARCHAR2(16 CHAR), 
	"ARTICLENAME" VARCHAR2(100 CHAR), 
	"ARTICLE_DATA" VARCHAR2(1000 CHAR)
   ) SEGMENT CREATION IMMEDIATE 
  PCTFREE 10 PCTUSED 40 INITRANS 1 MAXTRANS 255 NOCOMPRESS LOGGING
  STORAGE(INITIAL 65536 NEXT 1048576 MINEXTENTS 1 MAXEXTENTS 2147483645
  PCTINCREASE 0 FREELISTS 1 FREELIST GROUPS 1 BUFFER_POOL DEFAULT FLASH_CACHE DEFAULT CELL_FLASH_CACHE DEFAULT)
  TABLESPACE "SYSTEM" ;
--------------------------------------------------------
--  DDL for Table TB_BRANDING
--------------------------------------------------------

  CREATE TABLE "ROOT"."TB_BRANDING" 
   (	"IDTB_BRANDING" NUMBER(10,0), 
	"KPINAME" VARCHAR2(45 CHAR), 
	"KPIVALUE" CLOB
   ) SEGMENT CREATION IMMEDIATE 
  PCTFREE 10 PCTUSED 40 INITRANS 1 MAXTRANS 255 NOCOMPRESS LOGGING
  STORAGE(INITIAL 65536 NEXT 1048576 MINEXTENTS 1 MAXEXTENTS 2147483645
  PCTINCREASE 0 FREELISTS 1 FREELIST GROUPS 1 BUFFER_POOL DEFAULT FLASH_CACHE DEFAULT CELL_FLASH_CACHE DEFAULT)
  TABLESPACE "SYSTEM" 
 LOB ("KPIVALUE") STORE AS BASICFILE (
  TABLESPACE "SYSTEM" ENABLE STORAGE IN ROW CHUNK 8192 RETENTION 
  NOCACHE LOGGING 
  STORAGE(INITIAL 65536 NEXT 1048576 MINEXTENTS 1 MAXEXTENTS 2147483645
  PCTINCREASE 0 FREELISTS 1 FREELIST GROUPS 1 BUFFER_POOL DEFAULT FLASH_CACHE DEFAULT CELL_FLASH_CACHE DEFAULT)) ;
--------------------------------------------------------
--  DDL for Table TB_CANDIDATES
--------------------------------------------------------

  CREATE TABLE "ROOT"."TB_CANDIDATES" 
   (	"IDCANDIDATES" VARCHAR2(16 CHAR), 
	"CCANDIDATENAME" VARCHAR2(255 CHAR), 
	"CFIRSTNAME" VARCHAR2(255 CHAR), 
	"CLASTNAME" VARCHAR2(255 CHAR), 
	"CADDRESS1" VARCHAR2(45 CHAR), 
	"CADDRESS2" VARCHAR2(45 CHAR), 
	"CADDRESS3" VARCHAR2(45 CHAR), 
	"CTOWN" VARCHAR2(45 CHAR), 
	"CCOUNTY" VARCHAR2(45 CHAR), 
	"CPOSTCODE" VARCHAR2(45 CHAR), 
	"CHOMEPHONE" VARCHAR2(45 CHAR), 
	"CWORKPHONE" VARCHAR2(45 CHAR), 
	"CDTENTERED" DATE, 
	"CCOUNTRY" VARCHAR2(45 CHAR), 
	"CDATEOFBIRTH" DATE
   ) SEGMENT CREATION IMMEDIATE 
  PCTFREE 10 PCTUSED 40 INITRANS 1 MAXTRANS 255 NOCOMPRESS LOGGING
  STORAGE(INITIAL 65536 NEXT 1048576 MINEXTENTS 1 MAXEXTENTS 2147483645
  PCTINCREASE 0 FREELISTS 1 FREELIST GROUPS 1 BUFFER_POOL DEFAULT FLASH_CACHE DEFAULT CELL_FLASH_CACHE DEFAULT)
  TABLESPACE "SYSTEM" ;
--------------------------------------------------------
--  DDL for Table TB_CATEGORIES
--------------------------------------------------------

  CREATE TABLE "ROOT"."TB_CATEGORIES" 
   (	"CATID" NUMBER(10,0), 
	"SCATEGORY" VARCHAR2(100 CHAR)
   ) SEGMENT CREATION IMMEDIATE 
  PCTFREE 10 PCTUSED 40 INITRANS 1 MAXTRANS 255 NOCOMPRESS LOGGING
  STORAGE(INITIAL 65536 NEXT 1048576 MINEXTENTS 1 MAXEXTENTS 2147483645
  PCTINCREASE 0 FREELISTS 1 FREELIST GROUPS 1 BUFFER_POOL DEFAULT FLASH_CACHE DEFAULT CELL_FLASH_CACHE DEFAULT)
  TABLESPACE "SYSTEM" ;
--------------------------------------------------------
--  DDL for Table TB_CATEGORYTOTERM
--------------------------------------------------------

  CREATE TABLE "ROOT"."TB_CATEGORYTOTERM" 
   (	"IDCATEGORYTOTERM" NUMBER(10,0), 
	"CATID" NUMBER(10,0), 
	"TERMID" NUMBER(10,0)
   ) SEGMENT CREATION IMMEDIATE 
  PCTFREE 10 PCTUSED 40 INITRANS 1 MAXTRANS 255 NOCOMPRESS LOGGING
  STORAGE(INITIAL 65536 NEXT 1048576 MINEXTENTS 1 MAXEXTENTS 2147483645
  PCTINCREASE 0 FREELISTS 1 FREELIST GROUPS 1 BUFFER_POOL DEFAULT FLASH_CACHE DEFAULT CELL_FLASH_CACHE DEFAULT)
  TABLESPACE "SYSTEM" ;
--------------------------------------------------------
--  DDL for Table TB_DOCUMENTS
--------------------------------------------------------

  CREATE TABLE "ROOT"."TB_DOCUMENTS" 
   (	"DOCUMENTID" VARCHAR2(16 CHAR), 
	"DOCUMENTNAME" VARCHAR2(100 CHAR), 
	"DOC_DATA" CLOB, 
	"DOC_URL" VARCHAR2(500 CHAR)
   ) SEGMENT CREATION IMMEDIATE 
  PCTFREE 10 PCTUSED 40 INITRANS 1 MAXTRANS 255 NOCOMPRESS LOGGING
  STORAGE(INITIAL 65536 NEXT 1048576 MINEXTENTS 1 MAXEXTENTS 2147483645
  PCTINCREASE 0 FREELISTS 1 FREELIST GROUPS 1 BUFFER_POOL DEFAULT FLASH_CACHE DEFAULT CELL_FLASH_CACHE DEFAULT)
  TABLESPACE "SYSTEM" 
 LOB ("DOC_DATA") STORE AS BASICFILE (
  TABLESPACE "SYSTEM" ENABLE STORAGE IN ROW CHUNK 8192 RETENTION 
  NOCACHE LOGGING 
  STORAGE(INITIAL 65536 NEXT 1048576 MINEXTENTS 1 MAXEXTENTS 2147483645
  PCTINCREASE 0 FREELISTS 1 FREELIST GROUPS 1 BUFFER_POOL DEFAULT FLASH_CACHE DEFAULT CELL_FLASH_CACHE DEFAULT)) ;
--------------------------------------------------------
--  DDL for Table TB_EMAILRESPONSE
--------------------------------------------------------

  CREATE TABLE "ROOT"."TB_EMAILRESPONSE" 
   (	"IDEMAILRESPONSE" VARCHAR2(16 CHAR), 
	"RSTATUS" NUMBER(10,0) DEFAULT 0, 
	"RDTSENT" TIMESTAMP (6) DEFAULT CURRENT_TIMESTAMP, 
	"REMAILTYPE" NUMBER(10,0) DEFAULT 0, 
	"REMAILADDRESS" VARCHAR2(255 CHAR)
   ) SEGMENT CREATION IMMEDIATE 
  PCTFREE 10 PCTUSED 40 INITRANS 1 MAXTRANS 255 NOCOMPRESS LOGGING
  STORAGE(INITIAL 65536 NEXT 1048576 MINEXTENTS 1 MAXEXTENTS 2147483645
  PCTINCREASE 0 FREELISTS 1 FREELIST GROUPS 1 BUFFER_POOL DEFAULT FLASH_CACHE DEFAULT CELL_FLASH_CACHE DEFAULT)
  TABLESPACE "SYSTEM" ;
--------------------------------------------------------
--  DDL for Table TB_EMAILRESPONSETERMS
--------------------------------------------------------

  CREATE TABLE "ROOT"."TB_EMAILRESPONSETERMS" 
   (	"IDEMAILRESPONSETERMS" NUMBER(10,0), 
	"IDEMAILRESPONSE" NUMBER(10,0), 
	"CATID" NUMBER(10,0), 
	"TERMID" NUMBER(10,0)
   ) SEGMENT CREATION IMMEDIATE 
  PCTFREE 10 PCTUSED 40 INITRANS 1 MAXTRANS 255 NOCOMPRESS LOGGING
  STORAGE(INITIAL 65536 NEXT 1048576 MINEXTENTS 1 MAXEXTENTS 2147483645
  PCTINCREASE 0 FREELISTS 1 FREELIST GROUPS 1 BUFFER_POOL DEFAULT FLASH_CACHE DEFAULT CELL_FLASH_CACHE DEFAULT)
  TABLESPACE "SYSTEM" ;
--------------------------------------------------------
--  DDL for Table TB_EMAILTEMPLATES
--------------------------------------------------------

  CREATE TABLE "ROOT"."TB_EMAILTEMPLATES" 
   (	"IDEMAILTEMPLATES" NUMBER(10,0), 
	"EHEADER" CLOB, 
	"EDESCRIPTION" CLOB, 
	"EFOOTER" CLOB, 
	"ETEMPLATECHKID" VARCHAR2(45 CHAR)
   ) SEGMENT CREATION IMMEDIATE 
  PCTFREE 10 PCTUSED 40 INITRANS 1 MAXTRANS 255 NOCOMPRESS LOGGING
  STORAGE(INITIAL 65536 NEXT 1048576 MINEXTENTS 1 MAXEXTENTS 2147483645
  PCTINCREASE 0 FREELISTS 1 FREELIST GROUPS 1 BUFFER_POOL DEFAULT FLASH_CACHE DEFAULT CELL_FLASH_CACHE DEFAULT)
  TABLESPACE "SYSTEM" 
 LOB ("EHEADER") STORE AS BASICFILE (
  TABLESPACE "SYSTEM" ENABLE STORAGE IN ROW CHUNK 8192 RETENTION 
  NOCACHE LOGGING 
  STORAGE(INITIAL 65536 NEXT 1048576 MINEXTENTS 1 MAXEXTENTS 2147483645
  PCTINCREASE 0 FREELISTS 1 FREELIST GROUPS 1 BUFFER_POOL DEFAULT FLASH_CACHE DEFAULT CELL_FLASH_CACHE DEFAULT)) 
 LOB ("EDESCRIPTION") STORE AS BASICFILE (
  TABLESPACE "SYSTEM" ENABLE STORAGE IN ROW CHUNK 8192 RETENTION 
  NOCACHE LOGGING 
  STORAGE(INITIAL 65536 NEXT 1048576 MINEXTENTS 1 MAXEXTENTS 2147483645
  PCTINCREASE 0 FREELISTS 1 FREELIST GROUPS 1 BUFFER_POOL DEFAULT FLASH_CACHE DEFAULT CELL_FLASH_CACHE DEFAULT)) 
 LOB ("EFOOTER") STORE AS BASICFILE (
  TABLESPACE "SYSTEM" ENABLE STORAGE IN ROW CHUNK 8192 RETENTION 
  NOCACHE LOGGING 
  STORAGE(INITIAL 65536 NEXT 1048576 MINEXTENTS 1 MAXEXTENTS 2147483645
  PCTINCREASE 0 FREELISTS 1 FREELIST GROUPS 1 BUFFER_POOL DEFAULT FLASH_CACHE DEFAULT CELL_FLASH_CACHE DEFAULT)) ;
--------------------------------------------------------
--  DDL for Table TB_EMAILTYPES
--------------------------------------------------------

  CREATE TABLE "ROOT"."TB_EMAILTYPES" 
   (	"REMAILTYPE" NUMBER(10,0), 
	"STEXT" VARCHAR2(100 CHAR)
   ) SEGMENT CREATION IMMEDIATE 
  PCTFREE 10 PCTUSED 40 INITRANS 1 MAXTRANS 255 NOCOMPRESS LOGGING
  STORAGE(INITIAL 65536 NEXT 1048576 MINEXTENTS 1 MAXEXTENTS 2147483645
  PCTINCREASE 0 FREELISTS 1 FREELIST GROUPS 1 BUFFER_POOL DEFAULT FLASH_CACHE DEFAULT CELL_FLASH_CACHE DEFAULT)
  TABLESPACE "SYSTEM" ;
--------------------------------------------------------
--  DDL for Table TB_JOBS
--------------------------------------------------------

  CREATE TABLE "ROOT"."TB_JOBS" 
   (	"IDJOBS" VARCHAR2(16 CHAR), 
	"STITLE" VARCHAR2(255 CHAR), 
	"SSHORTDESCRIPTION" VARCHAR2(255 CHAR), 
	"SDESCRIPTION" CLOB, 
	"DTENTEREDDATE" DATE, 
	"SSALARYTEXT" VARCHAR2(100 CHAR), 
	"SMINSAL" NUMBER(10,0), 
	"SMAXSAL" NUMBER(10,0), 
	"SREF" VARCHAR2(45 CHAR), 
	"SFREETEXT" VARCHAR2(255 CHAR), 
	"SJOBSTARTDATE" DATE, 
	"SJOBENDDATE" DATE
   ) SEGMENT CREATION IMMEDIATE 
  PCTFREE 10 PCTUSED 40 INITRANS 1 MAXTRANS 255 NOCOMPRESS LOGGING
  STORAGE(INITIAL 65536 NEXT 1048576 MINEXTENTS 1 MAXEXTENTS 2147483645
  PCTINCREASE 0 FREELISTS 1 FREELIST GROUPS 1 BUFFER_POOL DEFAULT FLASH_CACHE DEFAULT CELL_FLASH_CACHE DEFAULT)
  TABLESPACE "SYSTEM" 
 LOB ("SDESCRIPTION") STORE AS BASICFILE (
  TABLESPACE "SYSTEM" ENABLE STORAGE IN ROW CHUNK 8192 RETENTION 
  NOCACHE LOGGING 
  STORAGE(INITIAL 65536 NEXT 1048576 MINEXTENTS 1 MAXEXTENTS 2147483645
  PCTINCREASE 0 FREELISTS 1 FREELIST GROUPS 1 BUFFER_POOL DEFAULT FLASH_CACHE DEFAULT CELL_FLASH_CACHE DEFAULT)) ;
--------------------------------------------------------
--  DDL for Table TB_JOBTABLE
--------------------------------------------------------

  CREATE TABLE "ROOT"."TB_JOBTABLE" 
   (	"IDJOBS" VARCHAR2(16 CHAR), 
	"CATID" NUMBER(10,0), 
	"TERMID" NUMBER(10,0), 
	"EMPID" VARCHAR2(16 CHAR), 
	"JTABID" NUMBER(10,0)
   ) SEGMENT CREATION IMMEDIATE 
  PCTFREE 10 PCTUSED 40 INITRANS 1 MAXTRANS 255 NOCOMPRESS LOGGING
  STORAGE(INITIAL 65536 NEXT 1048576 MINEXTENTS 1 MAXEXTENTS 2147483645
  PCTINCREASE 0 FREELISTS 1 FREELIST GROUPS 1 BUFFER_POOL DEFAULT FLASH_CACHE DEFAULT CELL_FLASH_CACHE DEFAULT)
  TABLESPACE "SYSTEM" ;
--------------------------------------------------------
--  DDL for Table TB_JOBVIEWS
--------------------------------------------------------

  CREATE TABLE "ROOT"."TB_JOBVIEWS" 
   (	"IDJOBVIEWS" VARCHAR2(16 CHAR), 
	"EMPID" VARCHAR2(16 CHAR), 
	"DTENTERED" DATE, 
	"JVIEWTYPE" NUMBER(10,0) DEFAULT 1
   ) SEGMENT CREATION IMMEDIATE 
  PCTFREE 10 PCTUSED 40 INITRANS 1 MAXTRANS 255 NOCOMPRESS LOGGING
  STORAGE(INITIAL 65536 NEXT 1048576 MINEXTENTS 1 MAXEXTENTS 2147483645
  PCTINCREASE 0 FREELISTS 1 FREELIST GROUPS 1 BUFFER_POOL DEFAULT FLASH_CACHE DEFAULT CELL_FLASH_CACHE DEFAULT)
  TABLESPACE "SYSTEM" ;
--------------------------------------------------------
--  DDL for Table TB_RECRUITERS
--------------------------------------------------------

  CREATE TABLE "ROOT"."TB_RECRUITERS" 
   (	"EMPID" VARCHAR2(16 CHAR), 
	"SRECRUITERNAME" VARCHAR2(100 CHAR), 
	"SADDRESS1" VARCHAR2(255 CHAR), 
	"SADDRESS2" VARCHAR2(255 CHAR), 
	"SADDRESS3" VARCHAR2(255 CHAR), 
	"STOWN" VARCHAR2(50 CHAR), 
	"SCOUNTY" VARCHAR2(50 CHAR), 
	"SCOUNTRY" VARCHAR2(45 CHAR), 
	"SPOSTCODE" VARCHAR2(10 CHAR), 
	"SEMAILADDRESS" VARCHAR2(255 CHAR), 
	"SWEBSITE" VARCHAR2(500 CHAR), 
	"SDESCRIPTION" VARCHAR2(500 CHAR), 
	"SCOMPLETEDESC" CLOB, 
	"SDTENTERED" DATE, 
	"SENTEREDBYID" NUMBER(10,0), 
	"SISFEATURED" NUMBER(10,0), 
	"SARTICLEID" VARCHAR2(16 CHAR), 
	"SISACTIVE" NUMBER(10,0)
   ) SEGMENT CREATION IMMEDIATE 
  PCTFREE 10 PCTUSED 40 INITRANS 1 MAXTRANS 255 NOCOMPRESS LOGGING
  STORAGE(INITIAL 65536 NEXT 1048576 MINEXTENTS 1 MAXEXTENTS 2147483645
  PCTINCREASE 0 FREELISTS 1 FREELIST GROUPS 1 BUFFER_POOL DEFAULT FLASH_CACHE DEFAULT CELL_FLASH_CACHE DEFAULT)
  TABLESPACE "SYSTEM" 
 LOB ("SCOMPLETEDESC") STORE AS BASICFILE (
  TABLESPACE "SYSTEM" ENABLE STORAGE IN ROW CHUNK 8192 RETENTION 
  NOCACHE LOGGING 
  STORAGE(INITIAL 65536 NEXT 1048576 MINEXTENTS 1 MAXEXTENTS 2147483645
  PCTINCREASE 0 FREELISTS 1 FREELIST GROUPS 1 BUFFER_POOL DEFAULT FLASH_CACHE DEFAULT CELL_FLASH_CACHE DEFAULT)) ;
--------------------------------------------------------
--  DDL for Table TB_RECUSERMAPPER
--------------------------------------------------------

  CREATE TABLE "ROOT"."TB_RECUSERMAPPER" 
   (	"IDUSERMAPPER" NUMBER(10,0), 
	"EMPID" VARCHAR2(16 CHAR), 
	"IDUSERS" VARCHAR2(16 CHAR)
   ) SEGMENT CREATION IMMEDIATE 
  PCTFREE 10 PCTUSED 40 INITRANS 1 MAXTRANS 255 NOCOMPRESS LOGGING
  STORAGE(INITIAL 65536 NEXT 1048576 MINEXTENTS 1 MAXEXTENTS 2147483645
  PCTINCREASE 0 FREELISTS 1 FREELIST GROUPS 1 BUFFER_POOL DEFAULT FLASH_CACHE DEFAULT CELL_FLASH_CACHE DEFAULT)
  TABLESPACE "SYSTEM" ;
--------------------------------------------------------
--  DDL for Table TB_SPAMREPORT
--------------------------------------------------------

  CREATE TABLE "ROOT"."TB_SPAMREPORT" 
   (	"IDTB_SPAMREPORT" VARCHAR2(16 CHAR), 
	"SPAMINDEX" NUMBER(10,0), 
	"SPAMREASON" VARCHAR2(1000 CHAR), 
	"DTENTERED" DATE, 
	"IPUSER" VARCHAR2(45 CHAR), 
	"USERAGENTS" VARCHAR2(1000 CHAR), 
	"JOBID" VARCHAR2(16 CHAR)
   ) SEGMENT CREATION IMMEDIATE 
  PCTFREE 10 PCTUSED 40 INITRANS 1 MAXTRANS 255 NOCOMPRESS LOGGING
  STORAGE(INITIAL 65536 NEXT 1048576 MINEXTENTS 1 MAXEXTENTS 2147483645
  PCTINCREASE 0 FREELISTS 1 FREELIST GROUPS 1 BUFFER_POOL DEFAULT FLASH_CACHE DEFAULT CELL_FLASH_CACHE DEFAULT)
  TABLESPACE "SYSTEM" ;
--------------------------------------------------------
--  DDL for Table TB_SUBSCRIPTIONS
--------------------------------------------------------

  CREATE TABLE "ROOT"."TB_SUBSCRIPTIONS" 
   (	"IDTB_SUBSCRIPTIONS" VARCHAR2(16 CHAR), 
	"EMAILADDRESS" VARCHAR2(500 CHAR), 
	"CATID" NUMBER(10,0), 
	"TERMID" NUMBER(10,0)
   ) SEGMENT CREATION IMMEDIATE 
  PCTFREE 10 PCTUSED 40 INITRANS 1 MAXTRANS 255 NOCOMPRESS LOGGING
  STORAGE(INITIAL 65536 NEXT 1048576 MINEXTENTS 1 MAXEXTENTS 2147483645
  PCTINCREASE 0 FREELISTS 1 FREELIST GROUPS 1 BUFFER_POOL DEFAULT FLASH_CACHE DEFAULT CELL_FLASH_CACHE DEFAULT)
  TABLESPACE "SYSTEM" ;
--------------------------------------------------------
--  DDL for Table TB_TERMS
--------------------------------------------------------

  CREATE TABLE "ROOT"."TB_TERMS" 
   (	"TERMID" NUMBER(10,0), 
	"STERM" VARCHAR2(100 CHAR), 
	"MINRANGE" NUMBER(10,0), 
	"MAXRANGE" NUMBER(10,0), 
	"LIPARENT" NUMBER(10,0)
   ) SEGMENT CREATION IMMEDIATE 
  PCTFREE 10 PCTUSED 40 INITRANS 1 MAXTRANS 255 NOCOMPRESS LOGGING
  STORAGE(INITIAL 65536 NEXT 1048576 MINEXTENTS 1 MAXEXTENTS 2147483645
  PCTINCREASE 0 FREELISTS 1 FREELIST GROUPS 1 BUFFER_POOL DEFAULT FLASH_CACHE DEFAULT CELL_FLASH_CACHE DEFAULT)
  TABLESPACE "SYSTEM" ;
--------------------------------------------------------
--  DDL for Table TB_TERMSLIST
--------------------------------------------------------

  CREATE TABLE "ROOT"."TB_TERMSLIST" 
   (	"IDTERMSLIST" NUMBER(10,0), 
	"TERMID" NUMBER(10,0), 
	"TERMLEVEL" NUMBER(10,0)
   ) SEGMENT CREATION IMMEDIATE 
  PCTFREE 10 PCTUSED 40 INITRANS 1 MAXTRANS 255 NOCOMPRESS LOGGING
  STORAGE(INITIAL 65536 NEXT 1048576 MINEXTENTS 1 MAXEXTENTS 2147483645
  PCTINCREASE 0 FREELISTS 1 FREELIST GROUPS 1 BUFFER_POOL DEFAULT FLASH_CACHE DEFAULT CELL_FLASH_CACHE DEFAULT)
  TABLESPACE "SYSTEM" ;
--------------------------------------------------------
--  DDL for Table TB_USERS
--------------------------------------------------------

  CREATE TABLE "ROOT"."TB_USERS" 
   (	"IDUSERS" VARCHAR2(16 CHAR), 
	"UUSERTYPE" NUMBER(10,0), 
	"UUSERNAME" VARCHAR2(255 CHAR), 
	"UPASSWORD" VARCHAR2(45 CHAR), 
	"UPASSWORDHINT" VARCHAR2(255 CHAR), 
	"UFIRSTNAME" VARCHAR2(255 CHAR), 
	"ULASTNAME" VARCHAR2(255 CHAR), 
	"UISPRIMARY" NUMBER(10,0), 
	"UCANDIDATEID" VARCHAR2(16 CHAR), 
	"UACTIVATION" VARCHAR2(50 CHAR)
   ) SEGMENT CREATION IMMEDIATE 
  PCTFREE 10 PCTUSED 40 INITRANS 1 MAXTRANS 255 NOCOMPRESS LOGGING
  STORAGE(INITIAL 65536 NEXT 1048576 MINEXTENTS 1 MAXEXTENTS 2147483645
  PCTINCREASE 0 FREELISTS 1 FREELIST GROUPS 1 BUFFER_POOL DEFAULT FLASH_CACHE DEFAULT CELL_FLASH_CACHE DEFAULT)
  TABLESPACE "SYSTEM" ;
--------------------------------------------------------
--  DDL for Table TB_VERSION
--------------------------------------------------------

  CREATE TABLE "ROOT"."TB_VERSION" 
   (	"IDVERSION" NUMBER(10,0), 
	"VERSIONNUMBER" VARCHAR2(45 CHAR), 
	"CHECKOUT" NUMBER(10,0)
   ) SEGMENT CREATION IMMEDIATE 
  PCTFREE 10 PCTUSED 40 INITRANS 1 MAXTRANS 255 NOCOMPRESS LOGGING
  STORAGE(INITIAL 65536 NEXT 1048576 MINEXTENTS 1 MAXEXTENTS 2147483645
  PCTINCREASE 0 FREELISTS 1 FREELIST GROUPS 1 BUFFER_POOL DEFAULT FLASH_CACHE DEFAULT CELL_FLASH_CACHE DEFAULT)
  TABLESPACE "SYSTEM" ;
--------------------------------------------------------
--  DDL for View VW_AGGREGATEDMPAGE
--------------------------------------------------------

  CREATE OR REPLACE FORCE VIEW "ROOT"."VW_AGGREGATEDMPAGE" ("APPLICATIONVOLUME", "IDJOBS", "STITLE", "SSHORTDESCRIPTION", "SFREETEXT", "SDESCRIPTION", "DTENTEREDDATE", "SSALARYTEXT", "SMINSAL", "EMPLOYEEID", "SMAXSAL") AS 
  select "APPLICATIONVOLUME","IDJOBS","STITLE","SSHORTDESCRIPTION","SFREETEXT","SDESCRIPTION","DTENTEREDDATE","SSALARYTEXT","SMINSAL","EMPLOYEEID","SMAXSAL" from SYS.aggregatedmpage;
--------------------------------------------------------
--  DDL for View VW_AGGREGATEDMULTI
--------------------------------------------------------

  CREATE OR REPLACE FORCE VIEW "ROOT"."VW_AGGREGATEDMULTI" ("APPLICATIONVOLUME", "STERM", "IDJOBS", "STITLE", "SCATEGORY", "SSHORTDESCRIPTION", "SFREETEXT", "SDESCRIPTION", "DTENTEREDDATE", "SSALARYTEXT", "SMINSAL", "EMPLOYEEID", "TERMID", "SMAXSAL") AS 
  select "APPLICATIONVOLUME","STERM","IDJOBS","STITLE","SCATEGORY","SSHORTDESCRIPTION","SFREETEXT","SDESCRIPTION","DTENTEREDDATE","SSALARYTEXT","SMINSAL","EMPLOYEEID","TERMID","SMAXSAL" from SYS.aggregatedmulti;
--------------------------------------------------------
--  DDL for View VW_APPLICATIONAGGREGATE
--------------------------------------------------------

  CREATE OR REPLACE FORCE VIEW "ROOT"."VW_APPLICATIONAGGREGATE" ("IDJOBS", "APPLICATIONVOLUME") AS 
  select "IDJOBS","APPLICATIONVOLUME" from SYS.applicationaggregate;
--------------------------------------------------------
--  DDL for View VW_GETALLREC
--------------------------------------------------------

  CREATE OR REPLACE FORCE VIEW "ROOT"."VW_GETALLREC" ("EMPID", "SCOMPLETEDESC", "SDESCRIPTION", "MXARTICLEDATA", "SRECRUITERNAME", "SWEBSITE", "SEMAILADDRESS", "MXIDJOBS") AS 
  select "EMPID","SCOMPLETEDESC","SDESCRIPTION","MXARTICLEDATA","SRECRUITERNAME","SWEBSITE","SEMAILADDRESS","MXIDJOBS" from SYS.getallrec;
--------------------------------------------------------
--  DDL for View VW_GETAPP
--------------------------------------------------------

  CREATE OR REPLACE FORCE VIEW "ROOT"."VW_GETAPP" ("IDJOBS", "STITLE", "SSHORTDESCRIPTION", "SDESCRIPTION", "COMPLETEURL", "DTENTEREDDATE", "SSALARYTEXT", "SMINSAL", "SMAXSAL", "SREF", "SFREETEXT", "SJOBSTARTDATE", "SJOBENDDATE", "IDAPPLICATIONS", "LICANDIDATEID", "DTENTERED", "AFIRSTNAME", "ALASTNAME", "ADATEOFBIRTH", "APROFILESUMMARY", "DOCUMENTID", "AAPPLICATIONEMAIL", "EMPID", "SRECRUITERNAME") AS 
  select "IDJOBS","STITLE","SSHORTDESCRIPTION","SDESCRIPTION","COMPLETEURL","DTENTEREDDATE","SSALARYTEXT","SMINSAL","SMAXSAL","SREF","SFREETEXT","SJOBSTARTDATE","SJOBENDDATE","IDAPPLICATIONS","LICANDIDATEID","DTENTERED","AFIRSTNAME","ALASTNAME","ADATEOFBIRTH","APROFILESUMMARY","DOCUMENTID","AAPPLICATIONEMAIL","EMPID","SRECRUITERNAME" from SYS.getapp;
--------------------------------------------------------
--  DDL for View VW_GETDETAILSPAGES
--------------------------------------------------------

  CREATE OR REPLACE FORCE VIEW "ROOT"."VW_GETDETAILSPAGES" ("IDJOBS", "MINRANGE", "MAXRANGE", "TERMID", "CATID", "STERM") AS 
  select "IDJOBS","MINRANGE","MAXRANGE","TERMID","CATID","STERM" from SYS.getdetailspages;
--------------------------------------------------------
--  DDL for View VW_GETJOBS
--------------------------------------------------------

  CREATE OR REPLACE FORCE VIEW "ROOT"."VW_GETJOBS" ("IDJOBS", "SCATEGORY", "STITLE", "SSHORTDESCRIPTION", "SFREETEXT", "SDESCRIPTION", "STERM", "TERMID", "SJOBSTARTDATE", "SSALARYTEXT", "SMINSAL", "SMAXSAL", "EMPID", "SJOBENDDATE", "DTENTEREDDATE") AS 
  select "IDJOBS","SCATEGORY","STITLE","SSHORTDESCRIPTION","SFREETEXT","SDESCRIPTION","STERM","TERMID","SJOBSTARTDATE","SSALARYTEXT","SMINSAL","SMAXSAL","EMPID","SJOBENDDATE","DTENTEREDDATE" from SYS.getjobs;
--------------------------------------------------------
--  DDL for View VW_GETJOBSARCH
--------------------------------------------------------

  CREATE OR REPLACE FORCE VIEW "ROOT"."VW_GETJOBSARCH" ("IDJOBS", "SJOBENDDATE", "STITLE", "SSHORTDESCRIPTION", "SFREETEXT", "SDESCRIPTION", "DTENTEREDDATE", "SSALARYTEXT", "SMINSAL", "EMPID", "SMAXSAL") AS 
  select "IDJOBS","SJOBENDDATE","STITLE","SSHORTDESCRIPTION","SFREETEXT","SDESCRIPTION","DTENTEREDDATE","SSALARYTEXT","SMINSAL","EMPID","SMAXSAL" from SYS.vw_getjobsarch;
--------------------------------------------------------
--  DDL for View VW_GETJOBSARCHIVED
--------------------------------------------------------

  CREATE OR REPLACE FORCE VIEW "ROOT"."VW_GETJOBSARCHIVED" ("IDJOBS", "STITLE", "SSHORTDESCRIPTION", "SFREETEXT", "SDESCRIPTION", "DTENTEREDDATE", "SSALARYTEXT", "SMINSAL", "EMPLOYEEID", "TERMID", "SMAXSAL") AS 
  select "IDJOBS","STITLE","SSHORTDESCRIPTION","SFREETEXT","SDESCRIPTION","DTENTEREDDATE","SSALARYTEXT","SMINSAL","EMPLOYEEID","TERMID","SMAXSAL" from SYS.getjobsarchived;
--------------------------------------------------------
--  DDL for View VW_GETJOBSSINGLE
--------------------------------------------------------

  CREATE OR REPLACE FORCE VIEW "ROOT"."VW_GETJOBSSINGLE" ("IDJOBS", "SCATEGORY", "STITLE", "SSHORTDESCRIPTION", "SFREETEXT", "SDESCRIPTION", "STERM", "TERMID", "SJOBSTARTDATE", "SSALARYTEXT", "SMINSAL", "SMAXSAL", "EMPID", "SJOBENDDATE", "DTENTEREDDATE", "CATID") AS 
  select "IDJOBS","SCATEGORY","STITLE","SSHORTDESCRIPTION","SFREETEXT","SDESCRIPTION","STERM","TERMID","SJOBSTARTDATE","SSALARYTEXT","SMINSAL","SMAXSAL","EMPID","SJOBENDDATE","DTENTEREDDATE","CATID" from SYS.GETJOBSSINGLE;
--------------------------------------------------------
--  DDL for View VW_GETJOBSSINGLEARCH
--------------------------------------------------------

  CREATE OR REPLACE FORCE VIEW "ROOT"."VW_GETJOBSSINGLEARCH" ("IDJOBS", "STITLE", "SSHORTDESCRIPTION", "SFREETEXT", "SDESCRIPTION", "DTENTEREDDATE", "SSALARYTEXT", "SMINSAL", "EMPLOYEEID", "TERMID", "SMAXSAL", "CATID") AS 
  select "IDJOBS","STITLE","SSHORTDESCRIPTION","SFREETEXT","SDESCRIPTION","DTENTEREDDATE","SSALARYTEXT","SMINSAL","EMPLOYEEID","TERMID","SMAXSAL","CATID" from SYS.getjobssinglearch;
--------------------------------------------------------
--  DDL for View VW_GETMYAPPS
--------------------------------------------------------

  CREATE OR REPLACE FORCE VIEW "ROOT"."VW_GETMYAPPS" ("IDAPPLICATIONS", "SRECRUITERNAME", "APPLICATIONSTATUS", "STITLE", "LICANDIDATEID", "DTENTERED", "AFIRSTNAME", "ALASTNAME", "APROFILESUMMARY", "UUSERNAME", "IDCANDIDATES", "CCANDIDATENAME", "CFIRSTNAME", "CLASTNAME", "IDUSERS") AS 
  select "IDAPPLICATIONS","SRECRUITERNAME","APPLICATIONSTATUS","STITLE","LICANDIDATEID","DTENTERED","AFIRSTNAME","ALASTNAME","APROFILESUMMARY","UUSERNAME","IDCANDIDATES","CCANDIDATENAME","CFIRSTNAME","CLASTNAME","IDUSERS" from SYS.getmyapps;
--------------------------------------------------------
--  DDL for View VW_GETSUBJECTEMAILAPPS
--------------------------------------------------------

  CREATE OR REPLACE FORCE VIEW "ROOT"."VW_GETSUBJECTEMAILAPPS" ("SREF", "STITLE", "IDJOBS") AS 
  select "SREF","STITLE","IDJOBS" from SYS.getsubjectemailapps;
--------------------------------------------------------
--  DDL for View VW_GETUSERCANS
--------------------------------------------------------

  CREATE OR REPLACE FORCE VIEW "ROOT"."VW_GETUSERCANS" ("IDUSERS", "UUSERTYPE", "UUSERNAME", "UPASSWORD", "UPASSWORDHINT", "UFIRSTNAME", "ULASTNAME", "UISPRIMARY", "UCANDIDATEID", "IDCANDIDATES", "CCANDIDATENAME", "CFIRSTNAME", "CDATEOFBIRTH", "CLASTNAME", "CADDRESS1", "CADDRESS2", "CADDRESS3", "CTOWN", "CCOUNTY", "CPOSTCODE", "CHOMEPHONE", "CWORKPHONE", "CDTENTERED", "CCOUNTRY") AS 
  select "IDUSERS","UUSERTYPE","UUSERNAME","UPASSWORD","UPASSWORDHINT","UFIRSTNAME","ULASTNAME","UISPRIMARY","UCANDIDATEID","IDCANDIDATES","CCANDIDATENAME","CFIRSTNAME","CDATEOFBIRTH","CLASTNAME","CADDRESS1","CADDRESS2","CADDRESS3","CTOWN","CCOUNTY","CPOSTCODE","CHOMEPHONE","CWORKPHONE","CDTENTERED","CCOUNTRY" from SYS.getusercans;
--------------------------------------------------------
--  DDL for View VW_JOBPOSTEDVIEW
--------------------------------------------------------

  CREATE OR REPLACE FORCE VIEW "ROOT"."VW_JOBPOSTEDVIEW" ("IDJOBS", "EMPID", "DTENTEREDDATE") AS 
  select "IDJOBS","EMPID","DTENTEREDDATE" from SYS.jobpostedview;
--------------------------------------------------------
--  DDL for View VW_JOBSOUTMAIL
--------------------------------------------------------

  CREATE OR REPLACE FORCE VIEW "ROOT"."VW_JOBSOUTMAIL" ("STITLE", "EMAILADDRESS", "IDJOBS") AS 
  select "STITLE","EMAILADDRESS","IDJOBS" from SYS.vw_jobsoutmail;
--------------------------------------------------------
--  DDL for View VW_JOBTORECRUITER
--------------------------------------------------------

  CREATE OR REPLACE FORCE VIEW "ROOT"."VW_JOBTORECRUITER" ("IDJOBS", "EMPID") AS 
  select "IDJOBS","EMPID" from SYS.jobtorecruiter;
--------------------------------------------------------
--  DDL for View VW_RECARTICLES
--------------------------------------------------------

  CREATE OR REPLACE FORCE VIEW "ROOT"."VW_RECARTICLES" ("EMPID", "SRECRUITERNAME", "SARTICLEID", "ARTICLENAME", "ARTICLE_DATA") AS 
  select "EMPID","SRECRUITERNAME","SARTICLEID","ARTICLENAME","ARTICLE_DATA" from SYS.vw_recarticles;
--------------------------------------------------------
--  DDL for View VW_RECUSERS
--------------------------------------------------------

  CREATE OR REPLACE FORCE VIEW "ROOT"."VW_RECUSERS" ("IDJOBS", "EMPID", "UFIRSTNAME", "ULASTNAME") AS 
  select "IDJOBS","EMPID","UFIRSTNAME","ULASTNAME" from SYS.recusers;
--------------------------------------------------------
--  DDL for View VW_SUBREC
--------------------------------------------------------

  CREATE OR REPLACE FORCE VIEW "ROOT"."VW_SUBREC" ("SRECRUITERNAME", "MXARTICLEDATA", "MXIDJOBS", "MXARTICLENAME", "EMPID", "MXARTICLEID") AS 
  select "SRECRUITERNAME","MXARTICLEDATA","MXIDJOBS","MXARTICLENAME","EMPID","MXARTICLEID" from SYS.vw_subrec;
REM INSERTING into ROOT.TB_APPJOBMAPPER
SET DEFINE OFF;
Insert into ROOT.TB_APPJOBMAPPER (IDAPPJOBMAPPER,IDAPPLICATIONS,IDJOBS) values ('4e1292dba4a0a511','ae59005725a32ef8','1');
REM INSERTING into ROOT.TB_APPLICATIONS
SET DEFINE OFF;
Insert into ROOT.TB_APPLICATIONS (IDAPPLICATIONS,LICANDIDATEID,DTENTERED,AFIRSTNAME,ALASTNAME,ADATEOFBIRTH,APROFILESUMMARY,DOCUMENTID,AAPPLICATIONEMAIL,AAPPLICATIONSTATUS,DTSTATUSCHANGED) values ('1',null,null,'Test','Test',to_date('25-OCT-12','DD-MON-RR'),'This is a test profile summary which was put in covering letter...','0',null,0,null);
Insert into ROOT.TB_APPLICATIONS (IDAPPLICATIONS,LICANDIDATEID,DTENTERED,AFIRSTNAME,ALASTNAME,ADATEOFBIRTH,APROFILESUMMARY,DOCUMENTID,AAPPLICATIONEMAIL,AAPPLICATIONSTATUS,DTSTATUSCHANGED) values ('10dbf313c16ae5e1',null,to_date('30-NOV-12','DD-MON-RR'),'Asim','Fangui',to_date('30-NOV-12','DD-MON-RR'),'test','2a7b7f940f7ee5e1','mkh202020@yahoo.com',null,null);
Insert into ROOT.TB_APPLICATIONS (IDAPPLICATIONS,LICANDIDATEID,DTENTERED,AFIRSTNAME,ALASTNAME,ADATEOFBIRTH,APROFILESUMMARY,DOCUMENTID,AAPPLICATIONEMAIL,AAPPLICATIONSTATUS,DTSTATUSCHANGED) values ('fa30dd2db5eb85c0',null,to_date('30-NOV-12','DD-MON-RR'),'Asim','Fangui',to_date('30-NOV-12','DD-MON-RR'),'test','214af55d1918b9c0','mkh202020@yahoo.com',null,null);
Insert into ROOT.TB_APPLICATIONS (IDAPPLICATIONS,LICANDIDATEID,DTENTERED,AFIRSTNAME,ALASTNAME,ADATEOFBIRTH,APROFILESUMMARY,DOCUMENTID,AAPPLICATIONEMAIL,AAPPLICATIONSTATUS,DTSTATUSCHANGED) values ('ae59005725a32ef8',null,to_date('30-NOV-12','DD-MON-RR'),'Asim','Fangui',to_date('30-NOV-12','DD-MON-RR'),'test','87c4a20a9602ef8','mkh202020@yahoo.com',null,null);
REM INSERTING into ROOT.TB_APPLICATIONSTATUS
SET DEFINE OFF;
Insert into ROOT.TB_APPLICATIONSTATUS (IDTB_APPLICATIONSTATUS,AAPPLICATIONSTATUS,STERM) values (1,0,'Application Under Review');
Insert into ROOT.TB_APPLICATIONSTATUS (IDTB_APPLICATIONSTATUS,AAPPLICATIONSTATUS,STERM) values (2,1,'Invited for interview');
Insert into ROOT.TB_APPLICATIONSTATUS (IDTB_APPLICATIONSTATUS,AAPPLICATIONSTATUS,STERM) values (3,2,'Formal Job offer');
REM INSERTING into ROOT.TB_ARTICLES
SET DEFINE OFF;
Insert into ROOT.TB_ARTICLES (SARTICLEID,ARTICLENAME,ARTICLE_DATA) values ('20000','Harwardbrown','/articles/getasset.gif');
Insert into ROOT.TB_ARTICLES (SARTICLEID,ARTICLENAME,ARTICLE_DATA) values ('130002','HP','/articles/hp-logo.jpg');
Insert into ROOT.TB_ARTICLES (SARTICLEID,ARTICLENAME,ARTICLE_DATA) values ('10030003','IBM','/articles/ibm-logo.jpg');
Insert into ROOT.TB_ARTICLES (SARTICLEID,ARTICLENAME,ARTICLE_DATA) values ('10030004','SONY','/articles/sony_logo_section.jpg');
Insert into ROOT.TB_ARTICLES (SARTICLEID,ARTICLENAME,ARTICLE_DATA) values ('10030005','APPLE','/articles/Apple_logo.png');
Insert into ROOT.TB_ARTICLES (SARTICLEID,ARTICLENAME,ARTICLE_DATA) values ('10030006','HBO','/articles/hbo_logo.jpg');
Insert into ROOT.TB_ARTICLES (SARTICLEID,ARTICLENAME,ARTICLE_DATA) values ('10030007','TNT','/articles/TNT_Logo2.jpg');
Insert into ROOT.TB_ARTICLES (SARTICLEID,ARTICLENAME,ARTICLE_DATA) values ('10030009','test.PNG','/articles/10030009test.PNG');
Insert into ROOT.TB_ARTICLES (SARTICLEID,ARTICLENAME,ARTICLE_DATA) values ('10030010','test.PNG','/articles/10030010test.PNG');
Insert into ROOT.TB_ARTICLES (SARTICLEID,ARTICLENAME,ARTICLE_DATA) values ('10030011','test.PNG','/articles/10030011test.PNG');
Insert into ROOT.TB_ARTICLES (SARTICLEID,ARTICLENAME,ARTICLE_DATA) values ('10030012','yslogo.jpg','/articles/yslogo.jpg');
Insert into ROOT.TB_ARTICLES (SARTICLEID,ARTICLENAME,ARTICLE_DATA) values ('10030013','logotest.png','/articles/logotest.png');
Insert into ROOT.TB_ARTICLES (SARTICLEID,ARTICLENAME,ARTICLE_DATA) values ('10030014','logotest.png','/articles/logotest.png');
Insert into ROOT.TB_ARTICLES (SARTICLEID,ARTICLENAME,ARTICLE_DATA) values ('10030015','logotest.png','/articles/logotest.png');
Insert into ROOT.TB_ARTICLES (SARTICLEID,ARTICLENAME,ARTICLE_DATA) values ('10030016','logo.jpg','/articles/logo.jpg');
Insert into ROOT.TB_ARTICLES (SARTICLEID,ARTICLENAME,ARTICLE_DATA) values ('10030017','logotest.png','/articles/logotest.png');
Insert into ROOT.TB_ARTICLES (SARTICLEID,ARTICLENAME,ARTICLE_DATA) values ('10030018','logotest.png','/articles/logotest.png');
Insert into ROOT.TB_ARTICLES (SARTICLEID,ARTICLENAME,ARTICLE_DATA) values ('10030019','silver-apple-logo.png','/articles/silver-apple-logo.png');
Insert into ROOT.TB_ARTICLES (SARTICLEID,ARTICLENAME,ARTICLE_DATA) values ('10030020','silver-apple-logo.png','/articles/silver-apple-logo.png');
REM INSERTING into ROOT.TB_BRANDING
SET DEFINE OFF;
Insert into ROOT.TB_BRANDING (IDTB_BRANDING,KPINAME) values (1,'pagetitle');
Insert into ROOT.TB_BRANDING (IDTB_BRANDING,KPINAME) values (2,'recpagetitle');
Insert into ROOT.TB_BRANDING (IDTB_BRANDING,KPINAME) values (3,'jobseekertitle');
REM INSERTING into ROOT.TB_CANDIDATES
SET DEFINE OFF;
Insert into ROOT.TB_CANDIDATES (IDCANDIDATES,CCANDIDATENAME,CFIRSTNAME,CLASTNAME,CADDRESS1,CADDRESS2,CADDRESS3,CTOWN,CCOUNTY,CPOSTCODE,CHOMEPHONE,CWORKPHONE,CDTENTERED,CCOUNTRY,CDATEOFBIRTH) values ('0','TestMarker',null,null,null,null,null,null,null,null,null,null,null,null,null);
Insert into ROOT.TB_CANDIDATES (IDCANDIDATES,CCANDIDATENAME,CFIRSTNAME,CLASTNAME,CADDRESS1,CADDRESS2,CADDRESS3,CTOWN,CCOUNTY,CPOSTCODE,CHOMEPHONE,CWORKPHONE,CDTENTERED,CCOUNTRY,CDATEOFBIRTH) values ('1','mike henry','mike','henry','a1','add2','add3','tow1','count1','post1','393939','999999',to_date('14-APR-11','DD-MON-RR'),'country1',null);
Insert into ROOT.TB_CANDIDATES (IDCANDIDATES,CCANDIDATENAME,CFIRSTNAME,CLASTNAME,CADDRESS1,CADDRESS2,CADDRESS3,CTOWN,CCOUNTY,CPOSTCODE,CHOMEPHONE,CWORKPHONE,CDTENTERED,CCOUNTRY,CDATEOFBIRTH) values ('2','more then','more','then','add10','Add11','Add12','Tow1','Countu1','BR2','077','0777666',to_date('15-APR-11','DD-MON-RR'),'UK',null);
Insert into ROOT.TB_CANDIDATES (IDCANDIDATES,CCANDIDATENAME,CFIRSTNAME,CLASTNAME,CADDRESS1,CADDRESS2,CADDRESS3,CTOWN,CCOUNTY,CPOSTCODE,CHOMEPHONE,CWORKPHONE,CDTENTERED,CCOUNTRY,CDATEOFBIRTH) values ('3','drinking shoes','drinking','shoes','add10','16/10/1983','Add12','Tow1','count1','post1','998899','889988',to_date('15-APR-11','DD-MON-RR'),'country1',null);
Insert into ROOT.TB_CANDIDATES (IDCANDIDATES,CCANDIDATENAME,CFIRSTNAME,CLASTNAME,CADDRESS1,CADDRESS2,CADDRESS3,CTOWN,CCOUNTY,CPOSTCODE,CHOMEPHONE,CWORKPHONE,CDTENTERED,CCOUNTRY,CDATEOFBIRTH) values ('4','Moeen khursheed','Moeen','khursheed','25','Longridge Avenue','Saltdean','Brighton','Brighton','BN2 8LG','07735553569','02081444827',to_date('21-APR-11','DD-MON-RR'),'UK',to_date('16-OCT-83','DD-MON-RR'));
Insert into ROOT.TB_CANDIDATES (IDCANDIDATES,CCANDIDATENAME,CFIRSTNAME,CLASTNAME,CADDRESS1,CADDRESS2,CADDRESS3,CTOWN,CCOUNTY,CPOSTCODE,CHOMEPHONE,CWORKPHONE,CDTENTERED,CCOUNTRY,CDATEOFBIRTH) values ('5','p p','p','p','p','p','p','p','p','p','00','00',to_date('07-SEP-11','DD-MON-RR'),'p',to_date('02-SEP-11','DD-MON-RR'));
Insert into ROOT.TB_CANDIDATES (IDCANDIDATES,CCANDIDATENAME,CFIRSTNAME,CLASTNAME,CADDRESS1,CADDRESS2,CADDRESS3,CTOWN,CCOUNTY,CPOSTCODE,CHOMEPHONE,CWORKPHONE,CDTENTERED,CCOUNTRY,CDATEOFBIRTH) values ('6','w w','w','w','w','w','w','w','w','w','999','999',to_date('07-SEP-11','DD-MON-RR'),'w',to_date('01-SEP-11','DD-MON-RR'));
Insert into ROOT.TB_CANDIDATES (IDCANDIDATES,CCANDIDATENAME,CFIRSTNAME,CLASTNAME,CADDRESS1,CADDRESS2,CADDRESS3,CTOWN,CCOUNTY,CPOSTCODE,CHOMEPHONE,CWORKPHONE,CDTENTERED,CCOUNTRY,CDATEOFBIRTH) values ('7','taleo corp','taleo','corp','a','a','a','a','a','BR2 9SH','07735553569','0208',to_date('08-SEP-11','DD-MON-RR'),'a',to_date('16-OCT-83','DD-MON-RR'));
Insert into ROOT.TB_CANDIDATES (IDCANDIDATES,CCANDIDATENAME,CFIRSTNAME,CLASTNAME,CADDRESS1,CADDRESS2,CADDRESS3,CTOWN,CCOUNTY,CPOSTCODE,CHOMEPHONE,CWORKPHONE,CDTENTERED,CCOUNTRY,CDATEOFBIRTH) values ('8','taleo corp','taleo','corp','a','a','a','a','a','BR2 9SH','07735553569','0208',to_date('08-SEP-11','DD-MON-RR'),'a',to_date('16-OCT-83','DD-MON-RR'));
Insert into ROOT.TB_CANDIDATES (IDCANDIDATES,CCANDIDATENAME,CFIRSTNAME,CLASTNAME,CADDRESS1,CADDRESS2,CADDRESS3,CTOWN,CCOUNTY,CPOSTCODE,CHOMEPHONE,CWORKPHONE,CDTENTERED,CCOUNTRY,CDATEOFBIRTH) values ('9','r r','r','r','r','r','r','r','r','r','07735553569','0208',to_date('08-SEP-11','DD-MON-RR'),'r',to_date('16-OCT-83','DD-MON-RR'));
Insert into ROOT.TB_CANDIDATES (IDCANDIDATES,CCANDIDATENAME,CFIRSTNAME,CLASTNAME,CADDRESS1,CADDRESS2,CADDRESS3,CTOWN,CCOUNTY,CPOSTCODE,CHOMEPHONE,CWORKPHONE,CDTENTERED,CCOUNTRY,CDATEOFBIRTH) values ('10','smooth y','smooth','y','a','l','l','ll','l','l','044','044',to_date('08-SEP-11','DD-MON-RR'),'l',to_date('16-OCT-83','DD-MON-RR'));
Insert into ROOT.TB_CANDIDATES (IDCANDIDATES,CCANDIDATENAME,CFIRSTNAME,CLASTNAME,CADDRESS1,CADDRESS2,CADDRESS3,CTOWN,CCOUNTY,CPOSTCODE,CHOMEPHONE,CWORKPHONE,CDTENTERED,CCOUNTRY,CDATEOFBIRTH) values ('11','jack d','jack','d',' ',' ',' ',' ',' ',' ',' ',' ',to_date('13-SEP-11','DD-MON-RR'),' ',null);
Insert into ROOT.TB_CANDIDATES (IDCANDIDATES,CCANDIDATENAME,CFIRSTNAME,CLASTNAME,CADDRESS1,CADDRESS2,CADDRESS3,CTOWN,CCOUNTY,CPOSTCODE,CHOMEPHONE,CWORKPHONE,CDTENTERED,CCOUNTRY,CDATEOFBIRTH) values ('12','heat on','heat','on',' ',' ',' ',' ',' ',' ',' ',' ',to_date('13-SEP-11','DD-MON-RR'),' ',null);
Insert into ROOT.TB_CANDIDATES (IDCANDIDATES,CCANDIDATENAME,CFIRSTNAME,CLASTNAME,CADDRESS1,CADDRESS2,CADDRESS3,CTOWN,CCOUNTY,CPOSTCODE,CHOMEPHONE,CWORKPHONE,CDTENTERED,CCOUNTRY,CDATEOFBIRTH) values ('13','millli sanders','millli','sanders','add1','add2','add3','a','a','a','11','11',to_date('13-SEP-11','DD-MON-RR'),'a',to_date('17-OCT-83','DD-MON-RR'));
Insert into ROOT.TB_CANDIDATES (IDCANDIDATES,CCANDIDATENAME,CFIRSTNAME,CLASTNAME,CADDRESS1,CADDRESS2,CADDRESS3,CTOWN,CCOUNTY,CPOSTCODE,CHOMEPHONE,CWORKPHONE,CDTENTERED,CCOUNTRY,CDATEOFBIRTH) values ('5b58993ba28f72e','Andrew Huxley','Andrew','Huxley','517 3-C-1','s',' ','Township','Punjab','56000','0208111','0208145',to_date('27-NOV-12','DD-MON-RR'),'Pakistan',to_date('27-NOV-12','DD-MON-RR'));
Insert into ROOT.TB_CANDIDATES (IDCANDIDATES,CCANDIDATENAME,CFIRSTNAME,CLASTNAME,CADDRESS1,CADDRESS2,CADDRESS3,CTOWN,CCOUNTY,CPOSTCODE,CHOMEPHONE,CWORKPHONE,CDTENTERED,CCOUNTRY,CDATEOFBIRTH) values ('645bab65439a2c94','tam nam','tam','nam','k','k','kk','k','kk','k','9','9',to_date('29-NOV-12','DD-MON-RR'),'k',to_date('29-NOV-12','DD-MON-RR'));
Insert into ROOT.TB_CANDIDATES (IDCANDIDATES,CCANDIDATENAME,CFIRSTNAME,CLASTNAME,CADDRESS1,CADDRESS2,CADDRESS3,CTOWN,CCOUNTY,CPOSTCODE,CHOMEPHONE,CWORKPHONE,CDTENTERED,CCOUNTRY,CDATEOFBIRTH) values ('9bead0ed98bf5fd9','ashley bennet','ashley','bennet','Add1','add2','add3','Town','County','Postcode','02081555854','02081555866',to_date('30-NOV-12','DD-MON-RR'),'Country',to_date('19-JUL-19','DD-MON-RR'));
Insert into ROOT.TB_CANDIDATES (IDCANDIDATES,CCANDIDATENAME,CFIRSTNAME,CLASTNAME,CADDRESS1,CADDRESS2,CADDRESS3,CTOWN,CCOUNTY,CPOSTCODE,CHOMEPHONE,CWORKPHONE,CDTENTERED,CCOUNTRY,CDATEOFBIRTH) values ('3fa4592fdd0d0561','ADAM GILL','ADAM','GILL','add1','add2','add3','Town','County','Postcode','02081555854','02081555866',to_date('30-NOV-12','DD-MON-RR'),'Country',to_date('29-NOV-12','DD-MON-RR'));
Insert into ROOT.TB_CANDIDATES (IDCANDIDATES,CCANDIDATENAME,CFIRSTNAME,CLASTNAME,CADDRESS1,CADDRESS2,CADDRESS3,CTOWN,CCOUNTY,CPOSTCODE,CHOMEPHONE,CWORKPHONE,CDTENTERED,CCOUNTRY,CDATEOFBIRTH) values ('f98892c30b7bb55a','adam mark','adam','mark','add1','add2','add3','Town','County','Postcode','02081555854','02081555866',to_date('30-NOV-12','DD-MON-RR'),'Country',to_date('30-NOV-12','DD-MON-RR'));
Insert into ROOT.TB_CANDIDATES (IDCANDIDATES,CCANDIDATENAME,CFIRSTNAME,CLASTNAME,CADDRESS1,CADDRESS2,CADDRESS3,CTOWN,CCOUNTY,CPOSTCODE,CHOMEPHONE,CWORKPHONE,CDTENTERED,CCOUNTRY,CDATEOFBIRTH) values ('89f9c134a8781aa3','Sam Chophra','Sam','Chophra','add1','add2','add3','Town','County','Postcode','02081555854','02081555866',to_date('30-NOV-12','DD-MON-RR'),'Country',to_date('30-NOV-12','DD-MON-RR'));
Insert into ROOT.TB_CANDIDATES (IDCANDIDATES,CCANDIDATENAME,CFIRSTNAME,CLASTNAME,CADDRESS1,CADDRESS2,CADDRESS3,CTOWN,CCOUNTY,CPOSTCODE,CHOMEPHONE,CWORKPHONE,CDTENTERED,CCOUNTRY,CDATEOFBIRTH) values ('4e58e9d1310fafdb','Sam Chophra','Sam','Chophra','add1','add2','add3','Town','County','Postcode','02081555854','02081555866',to_date('30-NOV-12','DD-MON-RR'),'Country',to_date('30-NOV-12','DD-MON-RR'));
Insert into ROOT.TB_CANDIDATES (IDCANDIDATES,CCANDIDATENAME,CFIRSTNAME,CLASTNAME,CADDRESS1,CADDRESS2,CADDRESS3,CTOWN,CCOUNTY,CPOSTCODE,CHOMEPHONE,CWORKPHONE,CDTENTERED,CCOUNTRY,CDATEOFBIRTH) values ('c20ab7e7e511e30f','Sam Chophra','Sam','Chophra','add1','add2','add3','Town','County','Postcode','02081555854','02081555866',to_date('30-NOV-12','DD-MON-RR'),'Country',to_date('30-NOV-12','DD-MON-RR'));
REM INSERTING into ROOT.TB_CATEGORIES
SET DEFINE OFF;
Insert into ROOT.TB_CATEGORIES (CATID,SCATEGORY) values (1000,'Location');
Insert into ROOT.TB_CATEGORIES (CATID,SCATEGORY) values (1001,'Industry');
Insert into ROOT.TB_CATEGORIES (CATID,SCATEGORY) values (1002,'Contract Type');
Insert into ROOT.TB_CATEGORIES (CATID,SCATEGORY) values (1003,'Hours');
Insert into ROOT.TB_CATEGORIES (CATID,SCATEGORY) values (1004,'Employer');
Insert into ROOT.TB_CATEGORIES (CATID,SCATEGORY) values (1005,'Salary');
Insert into ROOT.TB_CATEGORIES (CATID,SCATEGORY) values (10000,'Default');
REM INSERTING into ROOT.TB_CATEGORYTOTERM
SET DEFINE OFF;
Insert into ROOT.TB_CATEGORYTOTERM (IDCATEGORYTOTERM,CATID,TERMID) values (246,1002,3000);
Insert into ROOT.TB_CATEGORYTOTERM (IDCATEGORYTOTERM,CATID,TERMID) values (247,1002,3001);
Insert into ROOT.TB_CATEGORYTOTERM (IDCATEGORYTOTERM,CATID,TERMID) values (248,1002,3002);
Insert into ROOT.TB_CATEGORYTOTERM (IDCATEGORYTOTERM,CATID,TERMID) values (249,1003,3003);
Insert into ROOT.TB_CATEGORYTOTERM (IDCATEGORYTOTERM,CATID,TERMID) values (250,1003,3004);
Insert into ROOT.TB_CATEGORYTOTERM (IDCATEGORYTOTERM,CATID,TERMID) values (251,1000,4001);
Insert into ROOT.TB_CATEGORYTOTERM (IDCATEGORYTOTERM,CATID,TERMID) values (252,1000,4002);
Insert into ROOT.TB_CATEGORYTOTERM (IDCATEGORYTOTERM,CATID,TERMID) values (253,1000,4003);
Insert into ROOT.TB_CATEGORYTOTERM (IDCATEGORYTOTERM,CATID,TERMID) values (254,1000,4004);
Insert into ROOT.TB_CATEGORYTOTERM (IDCATEGORYTOTERM,CATID,TERMID) values (255,1000,4005);
Insert into ROOT.TB_CATEGORYTOTERM (IDCATEGORYTOTERM,CATID,TERMID) values (256,1000,4006);
Insert into ROOT.TB_CATEGORYTOTERM (IDCATEGORYTOTERM,CATID,TERMID) values (257,1000,4007);
Insert into ROOT.TB_CATEGORYTOTERM (IDCATEGORYTOTERM,CATID,TERMID) values (258,1000,4008);
Insert into ROOT.TB_CATEGORYTOTERM (IDCATEGORYTOTERM,CATID,TERMID) values (259,1000,4009);
Insert into ROOT.TB_CATEGORYTOTERM (IDCATEGORYTOTERM,CATID,TERMID) values (260,1000,4010);
Insert into ROOT.TB_CATEGORYTOTERM (IDCATEGORYTOTERM,CATID,TERMID) values (261,1000,4011);
Insert into ROOT.TB_CATEGORYTOTERM (IDCATEGORYTOTERM,CATID,TERMID) values (262,1000,4012);
Insert into ROOT.TB_CATEGORYTOTERM (IDCATEGORYTOTERM,CATID,TERMID) values (263,1000,4013);
Insert into ROOT.TB_CATEGORYTOTERM (IDCATEGORYTOTERM,CATID,TERMID) values (264,1000,4014);
Insert into ROOT.TB_CATEGORYTOTERM (IDCATEGORYTOTERM,CATID,TERMID) values (265,1000,4015);
Insert into ROOT.TB_CATEGORYTOTERM (IDCATEGORYTOTERM,CATID,TERMID) values (266,1000,4016);
Insert into ROOT.TB_CATEGORYTOTERM (IDCATEGORYTOTERM,CATID,TERMID) values (267,1000,4017);
Insert into ROOT.TB_CATEGORYTOTERM (IDCATEGORYTOTERM,CATID,TERMID) values (268,1000,4018);
Insert into ROOT.TB_CATEGORYTOTERM (IDCATEGORYTOTERM,CATID,TERMID) values (269,1000,4019);
Insert into ROOT.TB_CATEGORYTOTERM (IDCATEGORYTOTERM,CATID,TERMID) values (270,1000,4020);
Insert into ROOT.TB_CATEGORYTOTERM (IDCATEGORYTOTERM,CATID,TERMID) values (271,1000,4021);
Insert into ROOT.TB_CATEGORYTOTERM (IDCATEGORYTOTERM,CATID,TERMID) values (272,1000,4022);
Insert into ROOT.TB_CATEGORYTOTERM (IDCATEGORYTOTERM,CATID,TERMID) values (273,1000,4023);
Insert into ROOT.TB_CATEGORYTOTERM (IDCATEGORYTOTERM,CATID,TERMID) values (274,1000,4024);
Insert into ROOT.TB_CATEGORYTOTERM (IDCATEGORYTOTERM,CATID,TERMID) values (275,1000,4025);
Insert into ROOT.TB_CATEGORYTOTERM (IDCATEGORYTOTERM,CATID,TERMID) values (276,1000,4026);
Insert into ROOT.TB_CATEGORYTOTERM (IDCATEGORYTOTERM,CATID,TERMID) values (277,1000,4027);
Insert into ROOT.TB_CATEGORYTOTERM (IDCATEGORYTOTERM,CATID,TERMID) values (278,1000,4028);
Insert into ROOT.TB_CATEGORYTOTERM (IDCATEGORYTOTERM,CATID,TERMID) values (279,1000,4029);
Insert into ROOT.TB_CATEGORYTOTERM (IDCATEGORYTOTERM,CATID,TERMID) values (280,1000,4030);
Insert into ROOT.TB_CATEGORYTOTERM (IDCATEGORYTOTERM,CATID,TERMID) values (281,1000,4031);
Insert into ROOT.TB_CATEGORYTOTERM (IDCATEGORYTOTERM,CATID,TERMID) values (282,1000,4032);
Insert into ROOT.TB_CATEGORYTOTERM (IDCATEGORYTOTERM,CATID,TERMID) values (283,1000,4033);
Insert into ROOT.TB_CATEGORYTOTERM (IDCATEGORYTOTERM,CATID,TERMID) values (284,1000,4034);
Insert into ROOT.TB_CATEGORYTOTERM (IDCATEGORYTOTERM,CATID,TERMID) values (285,1000,4035);
Insert into ROOT.TB_CATEGORYTOTERM (IDCATEGORYTOTERM,CATID,TERMID) values (286,1000,4036);
Insert into ROOT.TB_CATEGORYTOTERM (IDCATEGORYTOTERM,CATID,TERMID) values (287,1000,4037);
Insert into ROOT.TB_CATEGORYTOTERM (IDCATEGORYTOTERM,CATID,TERMID) values (288,1000,4038);
Insert into ROOT.TB_CATEGORYTOTERM (IDCATEGORYTOTERM,CATID,TERMID) values (289,1000,4039);
Insert into ROOT.TB_CATEGORYTOTERM (IDCATEGORYTOTERM,CATID,TERMID) values (290,1000,4040);
Insert into ROOT.TB_CATEGORYTOTERM (IDCATEGORYTOTERM,CATID,TERMID) values (291,1000,4041);
Insert into ROOT.TB_CATEGORYTOTERM (IDCATEGORYTOTERM,CATID,TERMID) values (292,1000,4042);
Insert into ROOT.TB_CATEGORYTOTERM (IDCATEGORYTOTERM,CATID,TERMID) values (293,1000,4043);
Insert into ROOT.TB_CATEGORYTOTERM (IDCATEGORYTOTERM,CATID,TERMID) values (294,1000,4044);
Insert into ROOT.TB_CATEGORYTOTERM (IDCATEGORYTOTERM,CATID,TERMID) values (295,1000,4045);
Insert into ROOT.TB_CATEGORYTOTERM (IDCATEGORYTOTERM,CATID,TERMID) values (296,1000,4046);
Insert into ROOT.TB_CATEGORYTOTERM (IDCATEGORYTOTERM,CATID,TERMID) values (297,1000,4047);
Insert into ROOT.TB_CATEGORYTOTERM (IDCATEGORYTOTERM,CATID,TERMID) values (298,1000,4048);
Insert into ROOT.TB_CATEGORYTOTERM (IDCATEGORYTOTERM,CATID,TERMID) values (299,1000,4049);
Insert into ROOT.TB_CATEGORYTOTERM (IDCATEGORYTOTERM,CATID,TERMID) values (300,1000,4050);
Insert into ROOT.TB_CATEGORYTOTERM (IDCATEGORYTOTERM,CATID,TERMID) values (301,1000,4051);
Insert into ROOT.TB_CATEGORYTOTERM (IDCATEGORYTOTERM,CATID,TERMID) values (302,1000,4052);
Insert into ROOT.TB_CATEGORYTOTERM (IDCATEGORYTOTERM,CATID,TERMID) values (303,1000,4053);
Insert into ROOT.TB_CATEGORYTOTERM (IDCATEGORYTOTERM,CATID,TERMID) values (304,1000,4054);
Insert into ROOT.TB_CATEGORYTOTERM (IDCATEGORYTOTERM,CATID,TERMID) values (305,1000,4055);
Insert into ROOT.TB_CATEGORYTOTERM (IDCATEGORYTOTERM,CATID,TERMID) values (306,1000,4056);
Insert into ROOT.TB_CATEGORYTOTERM (IDCATEGORYTOTERM,CATID,TERMID) values (307,1000,4057);
Insert into ROOT.TB_CATEGORYTOTERM (IDCATEGORYTOTERM,CATID,TERMID) values (308,1000,4058);
Insert into ROOT.TB_CATEGORYTOTERM (IDCATEGORYTOTERM,CATID,TERMID) values (309,1000,4059);
Insert into ROOT.TB_CATEGORYTOTERM (IDCATEGORYTOTERM,CATID,TERMID) values (310,1000,4060);
Insert into ROOT.TB_CATEGORYTOTERM (IDCATEGORYTOTERM,CATID,TERMID) values (311,1000,4061);
Insert into ROOT.TB_CATEGORYTOTERM (IDCATEGORYTOTERM,CATID,TERMID) values (312,1000,4062);
Insert into ROOT.TB_CATEGORYTOTERM (IDCATEGORYTOTERM,CATID,TERMID) values (313,1000,4063);
Insert into ROOT.TB_CATEGORYTOTERM (IDCATEGORYTOTERM,CATID,TERMID) values (314,1000,4064);
Insert into ROOT.TB_CATEGORYTOTERM (IDCATEGORYTOTERM,CATID,TERMID) values (315,1000,4065);
Insert into ROOT.TB_CATEGORYTOTERM (IDCATEGORYTOTERM,CATID,TERMID) values (316,1000,4066);
Insert into ROOT.TB_CATEGORYTOTERM (IDCATEGORYTOTERM,CATID,TERMID) values (317,1000,4067);
Insert into ROOT.TB_CATEGORYTOTERM (IDCATEGORYTOTERM,CATID,TERMID) values (318,1000,4068);
Insert into ROOT.TB_CATEGORYTOTERM (IDCATEGORYTOTERM,CATID,TERMID) values (319,1000,4069);
Insert into ROOT.TB_CATEGORYTOTERM (IDCATEGORYTOTERM,CATID,TERMID) values (320,1000,4070);
Insert into ROOT.TB_CATEGORYTOTERM (IDCATEGORYTOTERM,CATID,TERMID) values (321,1000,4071);
Insert into ROOT.TB_CATEGORYTOTERM (IDCATEGORYTOTERM,CATID,TERMID) values (322,1000,4072);
Insert into ROOT.TB_CATEGORYTOTERM (IDCATEGORYTOTERM,CATID,TERMID) values (323,1000,4073);
Insert into ROOT.TB_CATEGORYTOTERM (IDCATEGORYTOTERM,CATID,TERMID) values (324,1000,4074);
Insert into ROOT.TB_CATEGORYTOTERM (IDCATEGORYTOTERM,CATID,TERMID) values (325,1000,4075);
Insert into ROOT.TB_CATEGORYTOTERM (IDCATEGORYTOTERM,CATID,TERMID) values (326,1000,4076);
Insert into ROOT.TB_CATEGORYTOTERM (IDCATEGORYTOTERM,CATID,TERMID) values (327,1000,4077);
Insert into ROOT.TB_CATEGORYTOTERM (IDCATEGORYTOTERM,CATID,TERMID) values (328,1000,4078);
Insert into ROOT.TB_CATEGORYTOTERM (IDCATEGORYTOTERM,CATID,TERMID) values (329,1000,4079);
Insert into ROOT.TB_CATEGORYTOTERM (IDCATEGORYTOTERM,CATID,TERMID) values (330,1000,4080);
Insert into ROOT.TB_CATEGORYTOTERM (IDCATEGORYTOTERM,CATID,TERMID) values (331,1000,4081);
Insert into ROOT.TB_CATEGORYTOTERM (IDCATEGORYTOTERM,CATID,TERMID) values (332,1000,4082);
Insert into ROOT.TB_CATEGORYTOTERM (IDCATEGORYTOTERM,CATID,TERMID) values (333,1000,4083);
Insert into ROOT.TB_CATEGORYTOTERM (IDCATEGORYTOTERM,CATID,TERMID) values (334,1000,4084);
Insert into ROOT.TB_CATEGORYTOTERM (IDCATEGORYTOTERM,CATID,TERMID) values (335,1000,4085);
Insert into ROOT.TB_CATEGORYTOTERM (IDCATEGORYTOTERM,CATID,TERMID) values (336,1000,4086);
Insert into ROOT.TB_CATEGORYTOTERM (IDCATEGORYTOTERM,CATID,TERMID) values (337,1000,4087);
Insert into ROOT.TB_CATEGORYTOTERM (IDCATEGORYTOTERM,CATID,TERMID) values (338,1000,4088);
Insert into ROOT.TB_CATEGORYTOTERM (IDCATEGORYTOTERM,CATID,TERMID) values (339,1000,4089);
Insert into ROOT.TB_CATEGORYTOTERM (IDCATEGORYTOTERM,CATID,TERMID) values (340,1000,4090);
Insert into ROOT.TB_CATEGORYTOTERM (IDCATEGORYTOTERM,CATID,TERMID) values (341,1000,4091);
Insert into ROOT.TB_CATEGORYTOTERM (IDCATEGORYTOTERM,CATID,TERMID) values (342,1000,4092);
Insert into ROOT.TB_CATEGORYTOTERM (IDCATEGORYTOTERM,CATID,TERMID) values (343,1000,4093);
Insert into ROOT.TB_CATEGORYTOTERM (IDCATEGORYTOTERM,CATID,TERMID) values (344,1000,4094);
Insert into ROOT.TB_CATEGORYTOTERM (IDCATEGORYTOTERM,CATID,TERMID) values (345,1000,4095);
Insert into ROOT.TB_CATEGORYTOTERM (IDCATEGORYTOTERM,CATID,TERMID) values (346,1000,4096);
Insert into ROOT.TB_CATEGORYTOTERM (IDCATEGORYTOTERM,CATID,TERMID) values (347,1000,4097);
Insert into ROOT.TB_CATEGORYTOTERM (IDCATEGORYTOTERM,CATID,TERMID) values (348,1000,4098);
Insert into ROOT.TB_CATEGORYTOTERM (IDCATEGORYTOTERM,CATID,TERMID) values (349,1000,4099);
Insert into ROOT.TB_CATEGORYTOTERM (IDCATEGORYTOTERM,CATID,TERMID) values (350,1000,4100);
Insert into ROOT.TB_CATEGORYTOTERM (IDCATEGORYTOTERM,CATID,TERMID) values (351,1000,4101);
Insert into ROOT.TB_CATEGORYTOTERM (IDCATEGORYTOTERM,CATID,TERMID) values (352,1000,4102);
Insert into ROOT.TB_CATEGORYTOTERM (IDCATEGORYTOTERM,CATID,TERMID) values (353,1000,4103);
Insert into ROOT.TB_CATEGORYTOTERM (IDCATEGORYTOTERM,CATID,TERMID) values (354,1000,4104);
Insert into ROOT.TB_CATEGORYTOTERM (IDCATEGORYTOTERM,CATID,TERMID) values (355,1000,4105);
Insert into ROOT.TB_CATEGORYTOTERM (IDCATEGORYTOTERM,CATID,TERMID) values (356,1000,4106);
Insert into ROOT.TB_CATEGORYTOTERM (IDCATEGORYTOTERM,CATID,TERMID) values (357,1000,4107);
Insert into ROOT.TB_CATEGORYTOTERM (IDCATEGORYTOTERM,CATID,TERMID) values (358,1000,4108);
Insert into ROOT.TB_CATEGORYTOTERM (IDCATEGORYTOTERM,CATID,TERMID) values (359,1000,4109);
Insert into ROOT.TB_CATEGORYTOTERM (IDCATEGORYTOTERM,CATID,TERMID) values (360,1000,4110);
Insert into ROOT.TB_CATEGORYTOTERM (IDCATEGORYTOTERM,CATID,TERMID) values (361,1000,4111);
Insert into ROOT.TB_CATEGORYTOTERM (IDCATEGORYTOTERM,CATID,TERMID) values (362,1000,4112);
Insert into ROOT.TB_CATEGORYTOTERM (IDCATEGORYTOTERM,CATID,TERMID) values (363,1000,4113);
Insert into ROOT.TB_CATEGORYTOTERM (IDCATEGORYTOTERM,CATID,TERMID) values (364,1000,4114);
Insert into ROOT.TB_CATEGORYTOTERM (IDCATEGORYTOTERM,CATID,TERMID) values (365,1000,4115);
Insert into ROOT.TB_CATEGORYTOTERM (IDCATEGORYTOTERM,CATID,TERMID) values (366,1000,4116);
Insert into ROOT.TB_CATEGORYTOTERM (IDCATEGORYTOTERM,CATID,TERMID) values (367,1000,4117);
Insert into ROOT.TB_CATEGORYTOTERM (IDCATEGORYTOTERM,CATID,TERMID) values (368,1000,4118);
Insert into ROOT.TB_CATEGORYTOTERM (IDCATEGORYTOTERM,CATID,TERMID) values (369,1000,4119);
Insert into ROOT.TB_CATEGORYTOTERM (IDCATEGORYTOTERM,CATID,TERMID) values (370,1000,4120);
Insert into ROOT.TB_CATEGORYTOTERM (IDCATEGORYTOTERM,CATID,TERMID) values (371,1000,4121);
Insert into ROOT.TB_CATEGORYTOTERM (IDCATEGORYTOTERM,CATID,TERMID) values (372,1000,4122);
Insert into ROOT.TB_CATEGORYTOTERM (IDCATEGORYTOTERM,CATID,TERMID) values (373,1000,4123);
Insert into ROOT.TB_CATEGORYTOTERM (IDCATEGORYTOTERM,CATID,TERMID) values (374,1000,4124);
Insert into ROOT.TB_CATEGORYTOTERM (IDCATEGORYTOTERM,CATID,TERMID) values (375,1000,4125);
Insert into ROOT.TB_CATEGORYTOTERM (IDCATEGORYTOTERM,CATID,TERMID) values (376,1000,4126);
Insert into ROOT.TB_CATEGORYTOTERM (IDCATEGORYTOTERM,CATID,TERMID) values (377,1000,4127);
Insert into ROOT.TB_CATEGORYTOTERM (IDCATEGORYTOTERM,CATID,TERMID) values (378,1000,4128);
Insert into ROOT.TB_CATEGORYTOTERM (IDCATEGORYTOTERM,CATID,TERMID) values (379,1000,4129);
Insert into ROOT.TB_CATEGORYTOTERM (IDCATEGORYTOTERM,CATID,TERMID) values (380,1000,4130);
Insert into ROOT.TB_CATEGORYTOTERM (IDCATEGORYTOTERM,CATID,TERMID) values (381,1000,4131);
Insert into ROOT.TB_CATEGORYTOTERM (IDCATEGORYTOTERM,CATID,TERMID) values (382,1000,4132);
Insert into ROOT.TB_CATEGORYTOTERM (IDCATEGORYTOTERM,CATID,TERMID) values (383,1000,4133);
Insert into ROOT.TB_CATEGORYTOTERM (IDCATEGORYTOTERM,CATID,TERMID) values (384,1000,4134);
Insert into ROOT.TB_CATEGORYTOTERM (IDCATEGORYTOTERM,CATID,TERMID) values (385,1000,4135);
Insert into ROOT.TB_CATEGORYTOTERM (IDCATEGORYTOTERM,CATID,TERMID) values (386,1000,4136);
Insert into ROOT.TB_CATEGORYTOTERM (IDCATEGORYTOTERM,CATID,TERMID) values (387,1000,4137);
Insert into ROOT.TB_CATEGORYTOTERM (IDCATEGORYTOTERM,CATID,TERMID) values (388,1000,4138);
Insert into ROOT.TB_CATEGORYTOTERM (IDCATEGORYTOTERM,CATID,TERMID) values (389,1000,4139);
Insert into ROOT.TB_CATEGORYTOTERM (IDCATEGORYTOTERM,CATID,TERMID) values (390,1000,4140);
Insert into ROOT.TB_CATEGORYTOTERM (IDCATEGORYTOTERM,CATID,TERMID) values (391,1000,4141);
Insert into ROOT.TB_CATEGORYTOTERM (IDCATEGORYTOTERM,CATID,TERMID) values (392,1000,4142);
Insert into ROOT.TB_CATEGORYTOTERM (IDCATEGORYTOTERM,CATID,TERMID) values (393,1000,4143);
Insert into ROOT.TB_CATEGORYTOTERM (IDCATEGORYTOTERM,CATID,TERMID) values (394,1000,4144);
Insert into ROOT.TB_CATEGORYTOTERM (IDCATEGORYTOTERM,CATID,TERMID) values (395,1000,4145);
Insert into ROOT.TB_CATEGORYTOTERM (IDCATEGORYTOTERM,CATID,TERMID) values (396,1000,4146);
Insert into ROOT.TB_CATEGORYTOTERM (IDCATEGORYTOTERM,CATID,TERMID) values (397,1000,4147);
Insert into ROOT.TB_CATEGORYTOTERM (IDCATEGORYTOTERM,CATID,TERMID) values (398,1000,4148);
Insert into ROOT.TB_CATEGORYTOTERM (IDCATEGORYTOTERM,CATID,TERMID) values (399,1000,4149);
Insert into ROOT.TB_CATEGORYTOTERM (IDCATEGORYTOTERM,CATID,TERMID) values (400,1000,4150);
Insert into ROOT.TB_CATEGORYTOTERM (IDCATEGORYTOTERM,CATID,TERMID) values (401,1000,4151);
Insert into ROOT.TB_CATEGORYTOTERM (IDCATEGORYTOTERM,CATID,TERMID) values (402,1000,4152);
Insert into ROOT.TB_CATEGORYTOTERM (IDCATEGORYTOTERM,CATID,TERMID) values (403,1000,4153);
Insert into ROOT.TB_CATEGORYTOTERM (IDCATEGORYTOTERM,CATID,TERMID) values (404,1000,4154);
Insert into ROOT.TB_CATEGORYTOTERM (IDCATEGORYTOTERM,CATID,TERMID) values (405,1000,4155);
Insert into ROOT.TB_CATEGORYTOTERM (IDCATEGORYTOTERM,CATID,TERMID) values (406,1000,4156);
Insert into ROOT.TB_CATEGORYTOTERM (IDCATEGORYTOTERM,CATID,TERMID) values (407,1000,4157);
Insert into ROOT.TB_CATEGORYTOTERM (IDCATEGORYTOTERM,CATID,TERMID) values (408,1000,4158);
Insert into ROOT.TB_CATEGORYTOTERM (IDCATEGORYTOTERM,CATID,TERMID) values (409,1000,4159);
Insert into ROOT.TB_CATEGORYTOTERM (IDCATEGORYTOTERM,CATID,TERMID) values (410,1000,4160);
Insert into ROOT.TB_CATEGORYTOTERM (IDCATEGORYTOTERM,CATID,TERMID) values (411,1000,4161);
Insert into ROOT.TB_CATEGORYTOTERM (IDCATEGORYTOTERM,CATID,TERMID) values (412,1000,4162);
Insert into ROOT.TB_CATEGORYTOTERM (IDCATEGORYTOTERM,CATID,TERMID) values (413,1000,4163);
Insert into ROOT.TB_CATEGORYTOTERM (IDCATEGORYTOTERM,CATID,TERMID) values (414,1000,4164);
Insert into ROOT.TB_CATEGORYTOTERM (IDCATEGORYTOTERM,CATID,TERMID) values (415,1000,4165);
Insert into ROOT.TB_CATEGORYTOTERM (IDCATEGORYTOTERM,CATID,TERMID) values (416,1000,4166);
Insert into ROOT.TB_CATEGORYTOTERM (IDCATEGORYTOTERM,CATID,TERMID) values (417,1000,4167);
Insert into ROOT.TB_CATEGORYTOTERM (IDCATEGORYTOTERM,CATID,TERMID) values (418,1000,4168);
Insert into ROOT.TB_CATEGORYTOTERM (IDCATEGORYTOTERM,CATID,TERMID) values (419,1000,4169);
Insert into ROOT.TB_CATEGORYTOTERM (IDCATEGORYTOTERM,CATID,TERMID) values (420,1000,4170);
Insert into ROOT.TB_CATEGORYTOTERM (IDCATEGORYTOTERM,CATID,TERMID) values (421,1000,4171);
Insert into ROOT.TB_CATEGORYTOTERM (IDCATEGORYTOTERM,CATID,TERMID) values (422,1000,4172);
Insert into ROOT.TB_CATEGORYTOTERM (IDCATEGORYTOTERM,CATID,TERMID) values (423,1000,4173);
Insert into ROOT.TB_CATEGORYTOTERM (IDCATEGORYTOTERM,CATID,TERMID) values (424,1000,4174);
Insert into ROOT.TB_CATEGORYTOTERM (IDCATEGORYTOTERM,CATID,TERMID) values (425,1000,4175);
Insert into ROOT.TB_CATEGORYTOTERM (IDCATEGORYTOTERM,CATID,TERMID) values (426,1000,4176);
Insert into ROOT.TB_CATEGORYTOTERM (IDCATEGORYTOTERM,CATID,TERMID) values (427,1000,4177);
Insert into ROOT.TB_CATEGORYTOTERM (IDCATEGORYTOTERM,CATID,TERMID) values (428,1000,4178);
Insert into ROOT.TB_CATEGORYTOTERM (IDCATEGORYTOTERM,CATID,TERMID) values (429,1000,4179);
Insert into ROOT.TB_CATEGORYTOTERM (IDCATEGORYTOTERM,CATID,TERMID) values (430,1000,4180);
Insert into ROOT.TB_CATEGORYTOTERM (IDCATEGORYTOTERM,CATID,TERMID) values (431,1000,4181);
Insert into ROOT.TB_CATEGORYTOTERM (IDCATEGORYTOTERM,CATID,TERMID) values (432,1000,4182);
Insert into ROOT.TB_CATEGORYTOTERM (IDCATEGORYTOTERM,CATID,TERMID) values (433,1000,4183);
Insert into ROOT.TB_CATEGORYTOTERM (IDCATEGORYTOTERM,CATID,TERMID) values (434,1000,4184);
Insert into ROOT.TB_CATEGORYTOTERM (IDCATEGORYTOTERM,CATID,TERMID) values (435,1000,4185);
Insert into ROOT.TB_CATEGORYTOTERM (IDCATEGORYTOTERM,CATID,TERMID) values (436,1000,4186);
Insert into ROOT.TB_CATEGORYTOTERM (IDCATEGORYTOTERM,CATID,TERMID) values (437,1000,4187);
Insert into ROOT.TB_CATEGORYTOTERM (IDCATEGORYTOTERM,CATID,TERMID) values (438,1000,4188);
Insert into ROOT.TB_CATEGORYTOTERM (IDCATEGORYTOTERM,CATID,TERMID) values (439,1000,4189);
Insert into ROOT.TB_CATEGORYTOTERM (IDCATEGORYTOTERM,CATID,TERMID) values (440,1000,4190);
Insert into ROOT.TB_CATEGORYTOTERM (IDCATEGORYTOTERM,CATID,TERMID) values (441,1000,4191);
Insert into ROOT.TB_CATEGORYTOTERM (IDCATEGORYTOTERM,CATID,TERMID) values (442,1000,4192);
Insert into ROOT.TB_CATEGORYTOTERM (IDCATEGORYTOTERM,CATID,TERMID) values (443,1000,4193);
Insert into ROOT.TB_CATEGORYTOTERM (IDCATEGORYTOTERM,CATID,TERMID) values (444,1000,4194);
Insert into ROOT.TB_CATEGORYTOTERM (IDCATEGORYTOTERM,CATID,TERMID) values (445,1000,4195);
Insert into ROOT.TB_CATEGORYTOTERM (IDCATEGORYTOTERM,CATID,TERMID) values (446,1000,4196);
Insert into ROOT.TB_CATEGORYTOTERM (IDCATEGORYTOTERM,CATID,TERMID) values (447,1000,4197);
Insert into ROOT.TB_CATEGORYTOTERM (IDCATEGORYTOTERM,CATID,TERMID) values (448,1000,4198);
Insert into ROOT.TB_CATEGORYTOTERM (IDCATEGORYTOTERM,CATID,TERMID) values (449,1000,4199);
Insert into ROOT.TB_CATEGORYTOTERM (IDCATEGORYTOTERM,CATID,TERMID) values (450,1000,4200);
Insert into ROOT.TB_CATEGORYTOTERM (IDCATEGORYTOTERM,CATID,TERMID) values (451,1000,4201);
Insert into ROOT.TB_CATEGORYTOTERM (IDCATEGORYTOTERM,CATID,TERMID) values (452,1000,4202);
Insert into ROOT.TB_CATEGORYTOTERM (IDCATEGORYTOTERM,CATID,TERMID) values (453,1000,4203);
Insert into ROOT.TB_CATEGORYTOTERM (IDCATEGORYTOTERM,CATID,TERMID) values (454,1000,4204);
Insert into ROOT.TB_CATEGORYTOTERM (IDCATEGORYTOTERM,CATID,TERMID) values (455,1000,4205);
Insert into ROOT.TB_CATEGORYTOTERM (IDCATEGORYTOTERM,CATID,TERMID) values (456,1000,4206);
Insert into ROOT.TB_CATEGORYTOTERM (IDCATEGORYTOTERM,CATID,TERMID) values (457,1000,4207);
Insert into ROOT.TB_CATEGORYTOTERM (IDCATEGORYTOTERM,CATID,TERMID) values (458,1000,4208);
Insert into ROOT.TB_CATEGORYTOTERM (IDCATEGORYTOTERM,CATID,TERMID) values (459,1000,4209);
Insert into ROOT.TB_CATEGORYTOTERM (IDCATEGORYTOTERM,CATID,TERMID) values (460,1000,4210);
Insert into ROOT.TB_CATEGORYTOTERM (IDCATEGORYTOTERM,CATID,TERMID) values (461,1000,4211);
Insert into ROOT.TB_CATEGORYTOTERM (IDCATEGORYTOTERM,CATID,TERMID) values (462,1000,4212);
Insert into ROOT.TB_CATEGORYTOTERM (IDCATEGORYTOTERM,CATID,TERMID) values (463,1000,4213);
Insert into ROOT.TB_CATEGORYTOTERM (IDCATEGORYTOTERM,CATID,TERMID) values (464,1000,4214);
Insert into ROOT.TB_CATEGORYTOTERM (IDCATEGORYTOTERM,CATID,TERMID) values (465,1000,4215);
Insert into ROOT.TB_CATEGORYTOTERM (IDCATEGORYTOTERM,CATID,TERMID) values (466,1000,4216);
Insert into ROOT.TB_CATEGORYTOTERM (IDCATEGORYTOTERM,CATID,TERMID) values (467,1000,4217);
Insert into ROOT.TB_CATEGORYTOTERM (IDCATEGORYTOTERM,CATID,TERMID) values (468,1000,4218);
Insert into ROOT.TB_CATEGORYTOTERM (IDCATEGORYTOTERM,CATID,TERMID) values (469,1000,4219);
Insert into ROOT.TB_CATEGORYTOTERM (IDCATEGORYTOTERM,CATID,TERMID) values (470,1000,4220);
Insert into ROOT.TB_CATEGORYTOTERM (IDCATEGORYTOTERM,CATID,TERMID) values (471,1000,4221);
Insert into ROOT.TB_CATEGORYTOTERM (IDCATEGORYTOTERM,CATID,TERMID) values (472,1000,4222);
Insert into ROOT.TB_CATEGORYTOTERM (IDCATEGORYTOTERM,CATID,TERMID) values (473,1000,4223);
Insert into ROOT.TB_CATEGORYTOTERM (IDCATEGORYTOTERM,CATID,TERMID) values (474,1000,4224);
Insert into ROOT.TB_CATEGORYTOTERM (IDCATEGORYTOTERM,CATID,TERMID) values (475,1000,4225);
Insert into ROOT.TB_CATEGORYTOTERM (IDCATEGORYTOTERM,CATID,TERMID) values (476,1000,4226);
Insert into ROOT.TB_CATEGORYTOTERM (IDCATEGORYTOTERM,CATID,TERMID) values (477,1000,4227);
Insert into ROOT.TB_CATEGORYTOTERM (IDCATEGORYTOTERM,CATID,TERMID) values (478,1000,4228);
Insert into ROOT.TB_CATEGORYTOTERM (IDCATEGORYTOTERM,CATID,TERMID) values (479,1000,4229);
Insert into ROOT.TB_CATEGORYTOTERM (IDCATEGORYTOTERM,CATID,TERMID) values (480,1000,4230);
Insert into ROOT.TB_CATEGORYTOTERM (IDCATEGORYTOTERM,CATID,TERMID) values (481,1000,4231);
Insert into ROOT.TB_CATEGORYTOTERM (IDCATEGORYTOTERM,CATID,TERMID) values (482,1000,4232);
Insert into ROOT.TB_CATEGORYTOTERM (IDCATEGORYTOTERM,CATID,TERMID) values (483,1001,5000);
Insert into ROOT.TB_CATEGORYTOTERM (IDCATEGORYTOTERM,CATID,TERMID) values (484,1001,5001);
Insert into ROOT.TB_CATEGORYTOTERM (IDCATEGORYTOTERM,CATID,TERMID) values (485,1001,5002);
Insert into ROOT.TB_CATEGORYTOTERM (IDCATEGORYTOTERM,CATID,TERMID) values (486,1001,5003);
Insert into ROOT.TB_CATEGORYTOTERM (IDCATEGORYTOTERM,CATID,TERMID) values (487,1001,5004);
Insert into ROOT.TB_CATEGORYTOTERM (IDCATEGORYTOTERM,CATID,TERMID) values (488,1001,5005);
Insert into ROOT.TB_CATEGORYTOTERM (IDCATEGORYTOTERM,CATID,TERMID) values (489,1001,5006);
Insert into ROOT.TB_CATEGORYTOTERM (IDCATEGORYTOTERM,CATID,TERMID) values (490,1001,5007);
Insert into ROOT.TB_CATEGORYTOTERM (IDCATEGORYTOTERM,CATID,TERMID) values (491,1001,5008);
Insert into ROOT.TB_CATEGORYTOTERM (IDCATEGORYTOTERM,CATID,TERMID) values (492,1001,5009);
Insert into ROOT.TB_CATEGORYTOTERM (IDCATEGORYTOTERM,CATID,TERMID) values (493,1001,5010);
Insert into ROOT.TB_CATEGORYTOTERM (IDCATEGORYTOTERM,CATID,TERMID) values (494,1001,5011);
Insert into ROOT.TB_CATEGORYTOTERM (IDCATEGORYTOTERM,CATID,TERMID) values (495,1001,5012);
Insert into ROOT.TB_CATEGORYTOTERM (IDCATEGORYTOTERM,CATID,TERMID) values (496,1001,5013);
Insert into ROOT.TB_CATEGORYTOTERM (IDCATEGORYTOTERM,CATID,TERMID) values (497,1001,5014);
Insert into ROOT.TB_CATEGORYTOTERM (IDCATEGORYTOTERM,CATID,TERMID) values (498,1005,6000);
Insert into ROOT.TB_CATEGORYTOTERM (IDCATEGORYTOTERM,CATID,TERMID) values (499,1005,6001);
Insert into ROOT.TB_CATEGORYTOTERM (IDCATEGORYTOTERM,CATID,TERMID) values (500,1005,6002);
Insert into ROOT.TB_CATEGORYTOTERM (IDCATEGORYTOTERM,CATID,TERMID) values (501,1005,6003);
Insert into ROOT.TB_CATEGORYTOTERM (IDCATEGORYTOTERM,CATID,TERMID) values (502,1005,6004);
Insert into ROOT.TB_CATEGORYTOTERM (IDCATEGORYTOTERM,CATID,TERMID) values (503,1005,6005);
Insert into ROOT.TB_CATEGORYTOTERM (IDCATEGORYTOTERM,CATID,TERMID) values (504,1004,7000);
Insert into ROOT.TB_CATEGORYTOTERM (IDCATEGORYTOTERM,CATID,TERMID) values (505,1004,7001);
Insert into ROOT.TB_CATEGORYTOTERM (IDCATEGORYTOTERM,CATID,TERMID) values (506,10000,10000);
REM INSERTING into ROOT.TB_DOCUMENTS
SET DEFINE OFF;
Insert into ROOT.TB_DOCUMENTS (DOCUMENTID,DOCUMENTNAME,DOC_URL) values ('30','test','test');
Insert into ROOT.TB_DOCUMENTS (DOCUMENTID,DOCUMENTNAME,DOC_URL) values ('87c4a20a9602ef8','3sample resume.doc','/resumes/3sample resume.doc');
REM INSERTING into ROOT.TB_EMAILRESPONSE
SET DEFINE OFF;
Insert into ROOT.TB_EMAILRESPONSE (IDEMAILRESPONSE,RSTATUS,RDTSENT,REMAILTYPE,REMAILADDRESS) values ('3f21fb889b39bd66',0,null,2,'samch1@ahrcloud.com');
REM INSERTING into ROOT.TB_EMAILRESPONSETERMS
SET DEFINE OFF;
REM INSERTING into ROOT.TB_EMAILTEMPLATES
SET DEFINE OFF;
REM INSERTING into ROOT.TB_EMAILTYPES
SET DEFINE OFF;
Insert into ROOT.TB_EMAILTYPES (REMAILTYPE,STEXT) values (0,'ApplicationConfirmation');
Insert into ROOT.TB_EMAILTYPES (REMAILTYPE,STEXT) values (1,'RecruiterConfirmation');
Insert into ROOT.TB_EMAILTYPES (REMAILTYPE,STEXT) values (2,'UserConfirmation');
Insert into ROOT.TB_EMAILTYPES (REMAILTYPE,STEXT) values (3,'NewsLetter');
Insert into ROOT.TB_EMAILTYPES (REMAILTYPE,STEXT) values (4,'Jobsbyemail');
REM INSERTING into ROOT.TB_JOBS
SET DEFINE OFF;
Insert into ROOT.TB_JOBS (IDJOBS,STITLE,SSHORTDESCRIPTION,DTENTEREDDATE,SSALARYTEXT,SMINSAL,SMAXSAL,SREF,SFREETEXT,SJOBSTARTDATE,SJOBENDDATE) values ('1','Consultants Required','My client is a highly entrepreneurial and success driven recruitment company specialising in a number of lucrative sectors within the industry. They cover markets such as banking and finance, IT, engineering, are looking for consultants',to_date('27-OCT-12','DD-MON-RR'),'18-22K',0,0,'R1','Consultants Required',to_date('11-OCT-12','DD-MON-RR'),to_date('11-FEB-13','DD-MON-RR'));
Insert into ROOT.TB_JOBS (IDJOBS,STITLE,SSHORTDESCRIPTION,DTENTEREDDATE,SSALARYTEXT,SMINSAL,SMAXSAL,SREF,SFREETEXT,SJOBSTARTDATE,SJOBENDDATE) values ('2','SQL Developer','SQL Developer with good knowledge and atleast 2-4 years of experience in field of .NET SSIS, SASS, SSRS is required by our corporate client who is willing to pay handsome packages to the eligible candidate. Ideally you should',to_date('27-OCT-12','DD-MON-RR'),'30-35K',0,0,'R2','SQL Developer',to_date('11-JUL-12','DD-MON-RR'),to_date('11-SEP-13','DD-MON-RR'));
Insert into ROOT.TB_JOBS (IDJOBS,STITLE,SSHORTDESCRIPTION,DTENTEREDDATE,SSALARYTEXT,SMINSAL,SMAXSAL,SREF,SFREETEXT,SJOBSTARTDATE,SJOBENDDATE) values ('3','ETL Developer','* ETL, SSIS, SSRS, SQL Sevrer, T-SQL, BI, developemnt*Role- ETL/SSIS DeveloperLocation- Central London Role Description:My Client are a successful corporate organization based in Central London, where you will be',to_date('27-OCT-12','DD-MON-RR'),'40-45K',0,0,'R3','ETL Developer',to_date('11-MAY-12','DD-MON-RR'),to_date('11-FEB-13','DD-MON-RR'));
Insert into ROOT.TB_JOBS (IDJOBS,STITLE,SSHORTDESCRIPTION,DTENTEREDDATE,SSALARYTEXT,SMINSAL,SMAXSAL,SREF,SFREETEXT,SJOBSTARTDATE,SJOBENDDATE) values ('4','BI Consultant required for SQL Server 2012','Business Intelligence Consultant, SQL Server, BI, SSAS, SSIS Our client is seeking to hire 2 new recruits, a stellar Business Intelligence Consultant and a Senior Business Intelligence Consultant to joing their leading and powerfull team',to_date('27-OCT-12','DD-MON-RR'),'30-40K',0,0,'R4','BI Consultant required for SQL Server 2012',to_date('11-MAR-12','DD-MON-RR'),to_date('11-AUG-13','DD-MON-RR'));
Insert into ROOT.TB_JOBS (IDJOBS,STITLE,SSHORTDESCRIPTION,DTENTEREDDATE,SSALARYTEXT,SMINSAL,SMAXSAL,SREF,SFREETEXT,SJOBSTARTDATE,SJOBENDDATE) values ('37','delivery driver required urgently','we are urgently looking for delivery drivers for our warehouse, must have good moral character, ethical and hardworking, should be able to get the job done',to_date('29-OCT-12','DD-MON-RR'),'Negotiable',0,0,'JREF 2002','delivery driver required urgently',to_date('11-SEP-12','DD-MON-RR'),to_date('11-FEB-13','DD-MON-RR'));
Insert into ROOT.TB_JOBS (IDJOBS,STITLE,SSHORTDESCRIPTION,DTENTEREDDATE,SSALARYTEXT,SMINSAL,SMAXSAL,SREF,SFREETEXT,SJOBSTARTDATE,SJOBENDDATE) values ('6','Dot Net - Senior Developer','This is a test post please donot apply - This is a test post please donot apply - This is a test post please donot apply - This is a test post please donot apply - This is a test post please donot apply - This is a test post please donot apply - ',to_date('27-OCT-12','DD-MON-RR'),'22-40K',0,0,'R5','Dot Net - Senior Developer',to_date('11-FEB-12','DD-MON-RR'),to_date('11-APR-13','DD-MON-RR'));
Insert into ROOT.TB_JOBS (IDJOBS,STITLE,SSHORTDESCRIPTION,DTENTEREDDATE,SSALARYTEXT,SMINSAL,SMAXSAL,SREF,SFREETEXT,SJOBSTARTDATE,SJOBENDDATE) values ('7','Data Analyst','We are currently seeking a data analyst with good knowledge over SPSS , Weka and other data modeling tools along with atleast 3-5 years of experience in industry and client interation. Ideally you should have worked with corporate',to_date('27-OCT-12','DD-MON-RR'),'Negotiable $',0,0,'RA001','Data Analyst',to_date('11-MAY-12','DD-MON-RR'),to_date('11-MAR-13','DD-MON-RR'));
Insert into ROOT.TB_JOBS (IDJOBS,STITLE,SSHORTDESCRIPTION,DTENTEREDDATE,SSALARYTEXT,SMINSAL,SMAXSAL,SREF,SFREETEXT,SJOBSTARTDATE,SJOBENDDATE) values ('8','Iphone App Developer','Our corporate client is seeking Iphone developers for it''s new products which are to be released in the last quarter of this year, we are on the tight schedule so we need to get the best people in as soon as possible, please get in touch',to_date('27-OCT-12','DD-MON-RR'),'$ Attractive',0,0,'MX1011','Iphone App Developer',to_date('11-SEP-12','DD-MON-RR'),to_date('11-JAN-13','DD-MON-RR'));
Insert into ROOT.TB_JOBS (IDJOBS,STITLE,SSHORTDESCRIPTION,DTENTEREDDATE,SSALARYTEXT,SMINSAL,SMAXSAL,SREF,SFREETEXT,SJOBSTARTDATE,SJOBENDDATE) values ('9','App developer required','working for one of the most prestigius companies in the world sony vaio gives the flexi
bility for you to do that

we offer 

1- attractive salary
2- long term pension or 401K
3- test work


',to_date('27-OCT-12','DD-MON-RR'),'Testjobsin',0,0,'JB11','App developer required',to_date('11-SEP-12','DD-MON-RR'),to_date('11-AUG-13','DD-MON-RR'));
Insert into ROOT.TB_JOBS (IDJOBS,STITLE,SSHORTDESCRIPTION,DTENTEREDDATE,SSALARYTEXT,SMINSAL,SMAXSAL,SREF,SFREETEXT,SJOBSTARTDATE,SJOBENDDATE) values ('10','C++ developer required','My client is looking for a C++ developer who can work in collaboration with a few other companies and vendors in the market to take our new product to the next level, this includes but not limited to traveling occasionally and on clients demand.',to_date('27-OCT-12','DD-MON-RR'),'$ Attractive',0,0,'IBM101','C++ developer required',to_date('11-MAR-12','DD-MON-RR'),to_date('11-MAY-13','DD-MON-RR'));
Insert into ROOT.TB_JOBS (IDJOBS,STITLE,SSHORTDESCRIPTION,DTENTEREDDATE,SSALARYTEXT,SMINSAL,SMAXSAL,SREF,SFREETEXT,SJOBSTARTDATE,SJOBENDDATE) values ('11','Tester Required','This is a test post please donot apply - This is a test post please donot apply - This is a test post please donot apply - This is a test post please donot apply - This is a test post please donot apply - This is a test post please donot apply - ',to_date('27-OCT-12','DD-MON-RR'),'$ Attractive',0,0,'IBM102','Tester Required',to_date('11-JAN-12','DD-MON-RR'),to_date('11-SEP-13','DD-MON-RR'));
Insert into ROOT.TB_JOBS (IDJOBS,STITLE,SSHORTDESCRIPTION,DTENTEREDDATE,SSALARYTEXT,SMINSAL,SMAXSAL,SREF,SFREETEXT,SJOBSTARTDATE,SJOBENDDATE) values ('12','Tester Required X 2','This is a test post please donot apply - This is a test post please donot apply - This is a test post please donot apply - This is a test post please donot apply - This is a test post please donot apply - This is a test post please donot apply - ',to_date('27-OCT-12','DD-MON-RR'),'$ Attractive',0,0,'Add12','Tester Required X 2',to_date('11-JUL-12','DD-MON-RR'),to_date('11-SEP-13','DD-MON-RR'));
Insert into ROOT.TB_JOBS (IDJOBS,STITLE,SSHORTDESCRIPTION,DTENTEREDDATE,SSALARYTEXT,SMINSAL,SMAXSAL,SREF,SFREETEXT,SJOBSTARTDATE,SJOBENDDATE) values ('13','Blade Server Technician Required','We are looking for someone with experience in the support role who has already worked in the industry and is experienced and knows what he/she is doing. You should be punctual and should be able to come to the work place on shift timings.',to_date('27-OCT-12','DD-MON-RR'),'$ Attractive',0,0,'Add12','Blade Server Technician Required',to_date('11-SEP-12','DD-MON-RR'),to_date('11-JUN-13','DD-MON-RR'));
Insert into ROOT.TB_JOBS (IDJOBS,STITLE,SSHORTDESCRIPTION,DTENTEREDDATE,SSALARYTEXT,SMINSAL,SMAXSAL,SREF,SFREETEXT,SJOBSTARTDATE,SJOBENDDATE) values ('14','Designer Required','We are looking for innovative designers who can work from home or office and complete the tasks when and where required, this role is based in our Newzealand office and you would need to travel frequently to the destination when required',to_date('27-OCT-12','DD-MON-RR'),'$ Attractive',0,0,'Add12','Designer Required',to_date('11-FEB-12','DD-MON-RR'),to_date('11-JAN-13','DD-MON-RR'));
Insert into ROOT.TB_JOBS (IDJOBS,STITLE,SSHORTDESCRIPTION,DTENTEREDDATE,SSALARYTEXT,SMINSAL,SMAXSAL,SREF,SFREETEXT,SJOBSTARTDATE,SJOBENDDATE) values ('15','Testers Required','This is a test post please donot apply - This is a test post please donot apply - This is a test post please donot apply - This is a test post please donot apply - This is a test post please donot apply - This is a test post please donot apply - ',to_date('27-OCT-12','DD-MON-RR'),'$ Attractive',0,0,'Add12','Testers Required',to_date('11-MAR-12','DD-MON-RR'),to_date('11-OCT-13','DD-MON-RR'));
Insert into ROOT.TB_JOBS (IDJOBS,STITLE,SSHORTDESCRIPTION,DTENTEREDDATE,SSALARYTEXT,SMINSAL,SMAXSAL,SREF,SFREETEXT,SJOBSTARTDATE,SJOBENDDATE) values ('16','Senior Managers From Food Background','This is a test post please donot apply - This is a test post please donot apply - This is a test post please donot apply - This is a test post please donot apply - This is a test post please donot apply - This is a test post please donot apply - ',to_date('27-OCT-12','DD-MON-RR'),'po',0,0,'RP1','Senior Managers From Food Background',to_date('11-JUL-12','DD-MON-RR'),to_date('11-MAR-13','DD-MON-RR'));
Insert into ROOT.TB_JOBS (IDJOBS,STITLE,SSHORTDESCRIPTION,DTENTEREDDATE,SSALARYTEXT,SMINSAL,SMAXSAL,SREF,SFREETEXT,SJOBSTARTDATE,SJOBENDDATE) values ('17','Assistant Manager','We are currently seeking assistant managers to work at our facility and with other senior partners as / when required. Ideally you should have expereince in working on the same platform, we donot discriminate based on race, religioni, sex',to_date('27-OCT-12','DD-MON-RR'),'$ Attractive',0,0,'RP2','Assistant Manager',to_date('11-JUN-12','DD-MON-RR'),to_date('11-JUN-13','DD-MON-RR'));
Insert into ROOT.TB_JOBS (IDJOBS,STITLE,SSHORTDESCRIPTION,DTENTEREDDATE,SSALARYTEXT,SMINSAL,SMAXSAL,SREF,SFREETEXT,SJOBSTARTDATE,SJOBENDDATE) values ('18','Office Assistant','Looking for all the people who want to be in an easy but responsible role as a office assistant, ideally you should live locally and will be from around the local neighbourhood',to_date('27-OCT-12','DD-MON-RR'),'add1',0,0,'RP3','Office Assistant',to_date('11-JUN-12','DD-MON-RR'),to_date('11-SEP-13','DD-MON-RR'));
Insert into ROOT.TB_JOBS (IDJOBS,STITLE,SSHORTDESCRIPTION,DTENTEREDDATE,SSALARYTEXT,SMINSAL,SMAXSAL,SREF,SFREETEXT,SJOBSTARTDATE,SJOBENDDATE) values ('19','Retail Assistant','We are actively seeking retail assistants to work for us at our premises and unsupervised if you think you have what it takes please give us a call at your earliest, we will close the positions if we find a suitable candidate',to_date('27-OCT-12','DD-MON-RR'),'add1',0,0,'RP4','Retail Assistant',to_date('11-MAR-12','DD-MON-RR'),to_date('11-MAR-13','DD-MON-RR'));
Insert into ROOT.TB_JOBS (IDJOBS,STITLE,SSHORTDESCRIPTION,DTENTEREDDATE,SSALARYTEXT,SMINSAL,SMAXSAL,SREF,SFREETEXT,SJOBSTARTDATE,SJOBENDDATE) values ('20','Apple / IMAC dev','tester developer required for working on our imac apple based products the person should 
be able to develop rapid applications and should have an expereince in developing
windows based mobile appli',to_date('27-OCT-12','DD-MON-RR'),'$ Attrac$$$tive',0,0,'RP5','Apple / IMAC dev',to_date('11-JUN-12','DD-MON-RR'),to_date('11-NOV-13','DD-MON-RR'));
Insert into ROOT.TB_JOBS (IDJOBS,STITLE,SSHORTDESCRIPTION,DTENTEREDDATE,SSALARYTEXT,SMINSAL,SMAXSAL,SREF,SFREETEXT,SJOBSTARTDATE,SJOBENDDATE) values ('21','SQL Developers required','BI Developer, SQL Server, SSAS, SSIS, SSRS, 50K, LondonSQL Server BI Developer urgently required by the largest global online vendor. They are looking for somebody that is experienced with the  person should have idea of SQL/NOSQL',to_date('27-OCT-12','DD-MON-RR'),'30-35K',0,0,'RP6','SQL Developers required',to_date('11-SEP-12','DD-MON-RR'),to_date('11-NOV-13','DD-MON-RR'));
Insert into ROOT.TB_JOBS (IDJOBS,STITLE,SSHORTDESCRIPTION,DTENTEREDDATE,SSALARYTEXT,SMINSAL,SMAXSAL,SREF,SFREETEXT,SJOBSTARTDATE,SJOBENDDATE) values ('22','SQL Developer','SQL Developer/SSRS/SSIS/.NET/Insurance DomainA major insurance provider require a proven SQL Developer, SSRS,SSIS.NET to join a fast growing team, be responsible for the development and ongoing suppor',to_date('27-OCT-12','DD-MON-RR'),'30-35K',0,0,'TT500','SQL Developer',to_date('11-MAY-12','DD-MON-RR'),to_date('11-FEB-13','DD-MON-RR'));
Insert into ROOT.TB_JOBS (IDJOBS,STITLE,SSHORTDESCRIPTION,DTENTEREDDATE,SSALARYTEXT,SMINSAL,SMAXSAL,SREF,SFREETEXT,SJOBSTARTDATE,SJOBENDDATE) values ('23','SQL Developer for contractual projects','SQL Developer/SSRS/SSIS/.NET/Insurance DomainA major insurance provider require a proven SQL Developer, SSRS,SSIS.NET to join a fast growing team, be responsible for the development and ongoing suppor',to_date('27-OCT-12','DD-MON-RR'),'30-35K',0,0,'TRR55','SQL Developer for contractual projects',to_date('11-OCT-12','DD-MON-RR'),to_date('11-JUL-13','DD-MON-RR'));
Insert into ROOT.TB_JOBS (IDJOBS,STITLE,SSHORTDESCRIPTION,DTENTEREDDATE,SSALARYTEXT,SMINSAL,SMAXSAL,SREF,SFREETEXT,SJOBSTARTDATE,SJOBENDDATE) values ('25','Designers Required Urgently','We are looking for innovative designers who can work from home or office and complete the tasks when and where required, this role is based in our Newzealand office and you would need to travel frequently to the destination when required',to_date('27-OCT-12','DD-MON-RR'),'$negotiable',0,0,'KRG111','Designers Required Urgently',to_date('11-OCT-12','DD-MON-RR'),to_date('11-AUG-13','DD-MON-RR'));
Insert into ROOT.TB_JOBS (IDJOBS,STITLE,SSHORTDESCRIPTION,DTENTEREDDATE,SSALARYTEXT,SMINSAL,SMAXSAL,SREF,SFREETEXT,SJOBSTARTDATE,SJOBENDDATE) values ('27','Customer Care Assistant, Online Fashion Company','We are looking for beauty and pr sales assistants who can work at our retails unsupervised and without any guidance, ideally you should have expereince of working in a  similar role.',to_date('27-OCT-12','DD-MON-RR'),'$negotiable',0,0,'KE450','Customer Care Assistant, Online Fashion Company',to_date('11-AUG-12','DD-MON-RR'),to_date('11-JUN-13','DD-MON-RR'));
Insert into ROOT.TB_JOBS (IDJOBS,STITLE,SSHORTDESCRIPTION,DTENTEREDDATE,SSALARYTEXT,SMINSAL,SMAXSAL,SREF,SFREETEXT,SJOBSTARTDATE,SJOBENDDATE) values ('28','Creative Director, EU Fashion','We are currently looking for a creative director who can assist us with the heavy workload which we are in as of 2011, the ideal candidate must have expereince in the role in previous position',to_date('27-OCT-12','DD-MON-RR'),'$negotiable',0,0,'KW999','Creative Director, EU Fashion',to_date('11-OCT-12','DD-MON-RR'),to_date('11-AUG-13','DD-MON-RR'));
Insert into ROOT.TB_JOBS (IDJOBS,STITLE,SSHORTDESCRIPTION,DTENTEREDDATE,SSALARYTEXT,SMINSAL,SMAXSAL,SREF,SFREETEXT,SJOBSTARTDATE,SJOBENDDATE) values ('29','Finance Manager - Retail & Fashion','We are looking for beauty and pr sales assistants who can work at our retails unsupervised and without any guidance, ideally you should have expereince of working in a  similar role.',to_date('27-OCT-12','DD-MON-RR'),'$negotiable',0,0,'JR12','Finance Manager - Retail & Fashion',to_date('11-MAY-12','DD-MON-RR'),to_date('11-JUL-13','DD-MON-RR'));
Insert into ROOT.TB_JOBS (IDJOBS,STITLE,SSHORTDESCRIPTION,DTENTEREDDATE,SSALARYTEXT,SMINSAL,SMAXSAL,SREF,SFREETEXT,SJOBSTARTDATE,SJOBENDDATE) values ('30','Beauty and Fashion PR Account Executive','We are looking for beauty and pr sales assistants who can work at our retails unsupervised and without any guidance, ideally you should have expereince of working in a  similar role.',to_date('27-OCT-12','DD-MON-RR'),'$negotiable',0,0,'KE5353','Beauty and Fashion PR Account Executive',to_date('11-JUL-12','DD-MON-RR'),to_date('11-MAR-13','DD-MON-RR'));
Insert into ROOT.TB_JOBS (IDJOBS,STITLE,SSHORTDESCRIPTION,DTENTEREDDATE,SSALARYTEXT,SMINSAL,SMAXSAL,SREF,SFREETEXT,SJOBSTARTDATE,SJOBENDDATE) values ('31','Fashionwear designers required','We are looking for innovative designers who can work from home or office and complete the tasks when and where required, this role is based in our Newzealand office and you would need to travel frequently to the destination when required',to_date('27-OCT-12','DD-MON-RR'),'$negotiable',0,0,'KWER3','Fashionwear designers required',to_date('11-MAY-12','DD-MON-RR'),to_date('11-FEB-13','DD-MON-RR'));
Insert into ROOT.TB_JOBS (IDJOBS,STITLE,SSHORTDESCRIPTION,DTENTEREDDATE,SSALARYTEXT,SMINSAL,SMAXSAL,SREF,SFREETEXT,SJOBSTARTDATE,SJOBENDDATE) values ('36','In House delivery Manager','we are looking for an inhouse delivery manager who would be able to supervise the packaging, operations and transportation of goods from our local warehouse to',to_date('29-OCT-12','DD-MON-RR'),'Negotiable',0,0,'JR1000','In House delivery Manager',to_date('11-MAY-12','DD-MON-RR'),to_date('11-MAR-13','DD-MON-RR'));
Insert into ROOT.TB_JOBS (IDJOBS,STITLE,SSHORTDESCRIPTION,DTENTEREDDATE,SSALARYTEXT,SMINSAL,SMAXSAL,SREF,SFREETEXT,SJOBSTARTDATE,SJOBENDDATE) values ('32','Assistant Manager','We are currently seeking assistant managers to work at our facility and with other senior partners as / when required. Ideally you should have expereince in working on the same platform, we donot discriminate based on race, religioni, sex',to_date('27-OCT-12','DD-MON-RR'),'20K-30K',0,0,'KIWI','Assistant Manager',to_date('11-SEP-12','DD-MON-RR'),to_date('11-AUG-13','DD-MON-RR'));
Insert into ROOT.TB_JOBS (IDJOBS,STITLE,SSHORTDESCRIPTION,DTENTEREDDATE,SSALARYTEXT,SMINSAL,SMAXSAL,SREF,SFREETEXT,SJOBSTARTDATE,SJOBENDDATE) values ('33','Hardware engineer at apple','We are seeking an assistant manager to work at our remote location and to supervise our new team, please contact us ASAP if you have the expereince in this sector.',to_date('27-OCT-12','DD-MON-RR'),'15000',0,0,'KIWI2','Hardware engineer at apple',to_date('11-JUN-12','DD-MON-RR'),to_date('11-JUN-13','DD-MON-RR'));
Insert into ROOT.TB_JOBS (IDJOBS,STITLE,SSHORTDESCRIPTION,DTENTEREDDATE,SSALARYTEXT,SMINSAL,SMAXSAL,SREF,SFREETEXT,SJOBSTARTDATE,SJOBENDDATE) values ('34','Garment Technician Required','we are looking for  a garment technician with a degree in fashion or design, ideally you have passion for design and fashion and should be able to work without any guidance in the field and with other designers, must be quick learner',to_date('27-OCT-12','DD-MON-RR'),'$competetive',0,0,'9000','Garment Technician Required',to_date('11-MAR-12','DD-MON-RR'),to_date('11-JUL-13','DD-MON-RR'));
Insert into ROOT.TB_JOBS (IDJOBS,STITLE,SSHORTDESCRIPTION,DTENTEREDDATE,SSALARYTEXT,SMINSAL,SMAXSAL,SREF,SFREETEXT,SJOBSTARTDATE,SJOBENDDATE) values ('35','Operations Director','we are currently seeking an operations director who can work within our headoffice and manage our offshore teams both directed and un-directed, you should ideally have an expereince of working in large corporations before',to_date('27-OCT-12','DD-MON-RR'),'Above 80K PA',0,0,'JT','Operations Director',to_date('11-SEP-12','DD-MON-RR'),to_date('11-MAY-13','DD-MON-RR'));
REM INSERTING into ROOT.TB_JOBTABLE
SET DEFINE OFF;
Insert into ROOT.TB_JOBTABLE (IDJOBS,CATID,TERMID,EMPID,JTABID) values ('1',10000,10000,'30002',1);
Insert into ROOT.TB_JOBTABLE (IDJOBS,CATID,TERMID,EMPID,JTABID) values ('2',10000,10000,'30002',2);
Insert into ROOT.TB_JOBTABLE (IDJOBS,CATID,TERMID,EMPID,JTABID) values ('3',10000,10000,'30002',3);
Insert into ROOT.TB_JOBTABLE (IDJOBS,CATID,TERMID,EMPID,JTABID) values ('4',10000,10000,'30003',4);
Insert into ROOT.TB_JOBTABLE (IDJOBS,CATID,TERMID,EMPID,JTABID) values ('36',1001,5001,'30003',445);
Insert into ROOT.TB_JOBTABLE (IDJOBS,CATID,TERMID,EMPID,JTABID) values ('6',10000,10000,'30002',6);
Insert into ROOT.TB_JOBTABLE (IDJOBS,CATID,TERMID,EMPID,JTABID) values ('7',10000,10000,'30002',7);
Insert into ROOT.TB_JOBTABLE (IDJOBS,CATID,TERMID,EMPID,JTABID) values ('8',10000,10000,'30002',8);
Insert into ROOT.TB_JOBTABLE (IDJOBS,CATID,TERMID,EMPID,JTABID) values ('9',10000,10000,'30002',9);
Insert into ROOT.TB_JOBTABLE (IDJOBS,CATID,TERMID,EMPID,JTABID) values ('10',10000,10000,'30002',15);
Insert into ROOT.TB_JOBTABLE (IDJOBS,CATID,TERMID,EMPID,JTABID) values ('11',10000,10000,'30002',22);
Insert into ROOT.TB_JOBTABLE (IDJOBS,CATID,TERMID,EMPID,JTABID) values ('12',10000,10000,'30002',27);
Insert into ROOT.TB_JOBTABLE (IDJOBS,CATID,TERMID,EMPID,JTABID) values ('13',10000,10000,'30002',28);
Insert into ROOT.TB_JOBTABLE (IDJOBS,CATID,TERMID,EMPID,JTABID) values ('14',10000,10000,'30002',29);
Insert into ROOT.TB_JOBTABLE (IDJOBS,CATID,TERMID,EMPID,JTABID) values ('15',10000,10000,'30002',30);
Insert into ROOT.TB_JOBTABLE (IDJOBS,CATID,TERMID,EMPID,JTABID) values ('16',10000,10000,'30002',31);
Insert into ROOT.TB_JOBTABLE (IDJOBS,CATID,TERMID,EMPID,JTABID) values ('17',10000,10000,'30002',35);
Insert into ROOT.TB_JOBTABLE (IDJOBS,CATID,TERMID,EMPID,JTABID) values ('18',10000,10000,'30002',49);
Insert into ROOT.TB_JOBTABLE (IDJOBS,CATID,TERMID,EMPID,JTABID) values ('19',10000,10000,'30002',60);
Insert into ROOT.TB_JOBTABLE (IDJOBS,CATID,TERMID,EMPID,JTABID) values ('20',10000,10000,'30002',69);
Insert into ROOT.TB_JOBTABLE (IDJOBS,CATID,TERMID,EMPID,JTABID) values ('21',10000,10000,'30002',83);
Insert into ROOT.TB_JOBTABLE (IDJOBS,CATID,TERMID,EMPID,JTABID) values ('22',10000,10000,'30002',91);
Insert into ROOT.TB_JOBTABLE (IDJOBS,CATID,TERMID,EMPID,JTABID) values ('23',10000,10000,'30002',93);
Insert into ROOT.TB_JOBTABLE (IDJOBS,CATID,TERMID,EMPID,JTABID) values ('25',10000,10000,'30012',103);
Insert into ROOT.TB_JOBTABLE (IDJOBS,CATID,TERMID,EMPID,JTABID) values ('26',10000,10000,'30012',114);
Insert into ROOT.TB_JOBTABLE (IDJOBS,CATID,TERMID,EMPID,JTABID) values ('37',1005,6002,'30003',462);
Insert into ROOT.TB_JOBTABLE (IDJOBS,CATID,TERMID,EMPID,JTABID) values ('37',1005,6001,'30003',461);
Insert into ROOT.TB_JOBTABLE (IDJOBS,CATID,TERMID,EMPID,JTABID) values ('37',1005,6000,'30003',460);
Insert into ROOT.TB_JOBTABLE (IDJOBS,CATID,TERMID,EMPID,JTABID) values ('37',1004,7001,'30003',459);
Insert into ROOT.TB_JOBTABLE (IDJOBS,CATID,TERMID,EMPID,JTABID) values ('27',10000,10000,'30012',156);
Insert into ROOT.TB_JOBTABLE (IDJOBS,CATID,TERMID,EMPID,JTABID) values ('37',1003,3004,'30003',458);
Insert into ROOT.TB_JOBTABLE (IDJOBS,CATID,TERMID,EMPID,JTABID) values ('37',1002,3002,'30003',457);
Insert into ROOT.TB_JOBTABLE (IDJOBS,CATID,TERMID,EMPID,JTABID) values ('37',1002,3001,'30003',456);
Insert into ROOT.TB_JOBTABLE (IDJOBS,CATID,TERMID,EMPID,JTABID) values ('37',1001,5014,'30003',455);
Insert into ROOT.TB_JOBTABLE (IDJOBS,CATID,TERMID,EMPID,JTABID) values ('37',1000,4001,'30003',454);
Insert into ROOT.TB_JOBTABLE (IDJOBS,CATID,TERMID,EMPID,JTABID) values ('37',10000,10000,'30003',453);
Insert into ROOT.TB_JOBTABLE (IDJOBS,CATID,TERMID,EMPID,JTABID) values ('36',1005,6003,'30003',452);
Insert into ROOT.TB_JOBTABLE (IDJOBS,CATID,TERMID,EMPID,JTABID) values ('36',1005,6002,'30003',451);
Insert into ROOT.TB_JOBTABLE (IDJOBS,CATID,TERMID,EMPID,JTABID) values ('36',1005,6001,'30003',450);
Insert into ROOT.TB_JOBTABLE (IDJOBS,CATID,TERMID,EMPID,JTABID) values ('36',1005,6000,'30003',449);
Insert into ROOT.TB_JOBTABLE (IDJOBS,CATID,TERMID,EMPID,JTABID) values ('36',1004,7000,'30003',448);
Insert into ROOT.TB_JOBTABLE (IDJOBS,CATID,TERMID,EMPID,JTABID) values ('28',10000,10000,'30012',168);
Insert into ROOT.TB_JOBTABLE (IDJOBS,CATID,TERMID,EMPID,JTABID) values ('36',1003,3003,'30003',447);
Insert into ROOT.TB_JOBTABLE (IDJOBS,CATID,TERMID,EMPID,JTABID) values ('36',1002,3000,'30003',446);
Insert into ROOT.TB_JOBTABLE (IDJOBS,CATID,TERMID,EMPID,JTABID) values ('33',1004,7000,'30020',441);
Insert into ROOT.TB_JOBTABLE (IDJOBS,CATID,TERMID,EMPID,JTABID) values ('33',1003,3003,'30020',440);
Insert into ROOT.TB_JOBTABLE (IDJOBS,CATID,TERMID,EMPID,JTABID) values ('33',1002,3000,'30020',439);
Insert into ROOT.TB_JOBTABLE (IDJOBS,CATID,TERMID,EMPID,JTABID) values ('32',1004,7000,'30016',438);
Insert into ROOT.TB_JOBTABLE (IDJOBS,CATID,TERMID,EMPID,JTABID) values ('32',1003,3003,'30016',437);
Insert into ROOT.TB_JOBTABLE (IDJOBS,CATID,TERMID,EMPID,JTABID) values ('32',1002,3000,'30016',436);
Insert into ROOT.TB_JOBTABLE (IDJOBS,CATID,TERMID,EMPID,JTABID) values ('34',1004,7000,'30012',435);
Insert into ROOT.TB_JOBTABLE (IDJOBS,CATID,TERMID,EMPID,JTABID) values ('34',1003,3004,'30012',434);
Insert into ROOT.TB_JOBTABLE (IDJOBS,CATID,TERMID,EMPID,JTABID) values ('34',1002,3001,'30012',433);
Insert into ROOT.TB_JOBTABLE (IDJOBS,CATID,TERMID,EMPID,JTABID) values ('31',1004,7000,'30012',432);
Insert into ROOT.TB_JOBTABLE (IDJOBS,CATID,TERMID,EMPID,JTABID) values ('31',1003,3004,'30012',431);
Insert into ROOT.TB_JOBTABLE (IDJOBS,CATID,TERMID,EMPID,JTABID) values ('31',1002,3001,'30012',430);
Insert into ROOT.TB_JOBTABLE (IDJOBS,CATID,TERMID,EMPID,JTABID) values ('29',10000,10000,'30012',183);
Insert into ROOT.TB_JOBTABLE (IDJOBS,CATID,TERMID,EMPID,JTABID) values ('30',1004,7000,'30012',429);
Insert into ROOT.TB_JOBTABLE (IDJOBS,CATID,TERMID,EMPID,JTABID) values ('30',1003,3004,'30012',428);
Insert into ROOT.TB_JOBTABLE (IDJOBS,CATID,TERMID,EMPID,JTABID) values ('30',1002,3001,'30012',427);
Insert into ROOT.TB_JOBTABLE (IDJOBS,CATID,TERMID,EMPID,JTABID) values ('29',1004,7000,'30012',426);
Insert into ROOT.TB_JOBTABLE (IDJOBS,CATID,TERMID,EMPID,JTABID) values ('29',1003,3003,'30012',425);
Insert into ROOT.TB_JOBTABLE (IDJOBS,CATID,TERMID,EMPID,JTABID) values ('29',1002,3000,'30012',424);
Insert into ROOT.TB_JOBTABLE (IDJOBS,CATID,TERMID,EMPID,JTABID) values ('28',1004,7000,'30012',423);
Insert into ROOT.TB_JOBTABLE (IDJOBS,CATID,TERMID,EMPID,JTABID) values ('28',1003,3003,'30012',422);
Insert into ROOT.TB_JOBTABLE (IDJOBS,CATID,TERMID,EMPID,JTABID) values ('28',1002,3000,'30012',421);
Insert into ROOT.TB_JOBTABLE (IDJOBS,CATID,TERMID,EMPID,JTABID) values ('30',10000,10000,'30012',193);
Insert into ROOT.TB_JOBTABLE (IDJOBS,CATID,TERMID,EMPID,JTABID) values ('27',1004,7000,'30012',420);
Insert into ROOT.TB_JOBTABLE (IDJOBS,CATID,TERMID,EMPID,JTABID) values ('27',1003,3003,'30012',419);
Insert into ROOT.TB_JOBTABLE (IDJOBS,CATID,TERMID,EMPID,JTABID) values ('27',1002,3000,'30012',418);
Insert into ROOT.TB_JOBTABLE (IDJOBS,CATID,TERMID,EMPID,JTABID) values ('25',1004,7000,'30012',417);
Insert into ROOT.TB_JOBTABLE (IDJOBS,CATID,TERMID,EMPID,JTABID) values ('25',1003,3003,'30012',416);
Insert into ROOT.TB_JOBTABLE (IDJOBS,CATID,TERMID,EMPID,JTABID) values ('25',1002,3000,'30012',415);
Insert into ROOT.TB_JOBTABLE (IDJOBS,CATID,TERMID,EMPID,JTABID) values ('35',1004,7000,'30002',414);
Insert into ROOT.TB_JOBTABLE (IDJOBS,CATID,TERMID,EMPID,JTABID) values ('35',1003,3003,'30002',413);
Insert into ROOT.TB_JOBTABLE (IDJOBS,CATID,TERMID,EMPID,JTABID) values ('35',1002,3000,'30002',412);
Insert into ROOT.TB_JOBTABLE (IDJOBS,CATID,TERMID,EMPID,JTABID) values ('23',1004,7000,'30002',411);
Insert into ROOT.TB_JOBTABLE (IDJOBS,CATID,TERMID,EMPID,JTABID) values ('23',1003,3003,'30002',410);
Insert into ROOT.TB_JOBTABLE (IDJOBS,CATID,TERMID,EMPID,JTABID) values ('31',10000,10000,'30012',205);
Insert into ROOT.TB_JOBTABLE (IDJOBS,CATID,TERMID,EMPID,JTABID) values ('23',1002,3000,'30002',409);
Insert into ROOT.TB_JOBTABLE (IDJOBS,CATID,TERMID,EMPID,JTABID) values ('22',1004,7000,'30002',408);
Insert into ROOT.TB_JOBTABLE (IDJOBS,CATID,TERMID,EMPID,JTABID) values ('22',1003,3003,'30002',407);
Insert into ROOT.TB_JOBTABLE (IDJOBS,CATID,TERMID,EMPID,JTABID) values ('22',1002,3001,'30002',406);
Insert into ROOT.TB_JOBTABLE (IDJOBS,CATID,TERMID,EMPID,JTABID) values ('21',1004,7000,'30002',405);
Insert into ROOT.TB_JOBTABLE (IDJOBS,CATID,TERMID,EMPID,JTABID) values ('21',1003,3003,'30002',404);
Insert into ROOT.TB_JOBTABLE (IDJOBS,CATID,TERMID,EMPID,JTABID) values ('21',1002,3000,'30002',403);
Insert into ROOT.TB_JOBTABLE (IDJOBS,CATID,TERMID,EMPID,JTABID) values ('20',1004,7000,'30002',402);
Insert into ROOT.TB_JOBTABLE (IDJOBS,CATID,TERMID,EMPID,JTABID) values ('20',1003,3004,'30002',401);
Insert into ROOT.TB_JOBTABLE (IDJOBS,CATID,TERMID,EMPID,JTABID) values ('20',1002,3001,'30002',400);
Insert into ROOT.TB_JOBTABLE (IDJOBS,CATID,TERMID,EMPID,JTABID) values ('19',1004,7000,'30002',399);
Insert into ROOT.TB_JOBTABLE (IDJOBS,CATID,TERMID,EMPID,JTABID) values ('19',1003,3004,'30002',398);
Insert into ROOT.TB_JOBTABLE (IDJOBS,CATID,TERMID,EMPID,JTABID) values ('32',10000,10000,'30016',218);
Insert into ROOT.TB_JOBTABLE (IDJOBS,CATID,TERMID,EMPID,JTABID) values ('19',1002,3001,'30002',397);
Insert into ROOT.TB_JOBTABLE (IDJOBS,CATID,TERMID,EMPID,JTABID) values ('18',1004,7000,'30002',396);
Insert into ROOT.TB_JOBTABLE (IDJOBS,CATID,TERMID,EMPID,JTABID) values ('18',1003,3003,'30002',395);
Insert into ROOT.TB_JOBTABLE (IDJOBS,CATID,TERMID,EMPID,JTABID) values ('18',1002,3000,'30002',394);
Insert into ROOT.TB_JOBTABLE (IDJOBS,CATID,TERMID,EMPID,JTABID) values ('17',1004,7000,'30002',393);
Insert into ROOT.TB_JOBTABLE (IDJOBS,CATID,TERMID,EMPID,JTABID) values ('17',1003,3003,'30002',392);
Insert into ROOT.TB_JOBTABLE (IDJOBS,CATID,TERMID,EMPID,JTABID) values ('17',1002,3000,'30002',391);
Insert into ROOT.TB_JOBTABLE (IDJOBS,CATID,TERMID,EMPID,JTABID) values ('16',1004,7000,'30002',390);
Insert into ROOT.TB_JOBTABLE (IDJOBS,CATID,TERMID,EMPID,JTABID) values ('33',10000,10000,'30020',227);
Insert into ROOT.TB_JOBTABLE (IDJOBS,CATID,TERMID,EMPID,JTABID) values ('16',1003,3004,'30002',389);
Insert into ROOT.TB_JOBTABLE (IDJOBS,CATID,TERMID,EMPID,JTABID) values ('16',1002,3001,'30002',388);
Insert into ROOT.TB_JOBTABLE (IDJOBS,CATID,TERMID,EMPID,JTABID) values ('15',1004,7001,'30002',387);
Insert into ROOT.TB_JOBTABLE (IDJOBS,CATID,TERMID,EMPID,JTABID) values ('15',1003,3004,'30002',386);
Insert into ROOT.TB_JOBTABLE (IDJOBS,CATID,TERMID,EMPID,JTABID) values ('15',1002,3001,'30002',385);
Insert into ROOT.TB_JOBTABLE (IDJOBS,CATID,TERMID,EMPID,JTABID) values ('14',1004,7001,'30002',384);
Insert into ROOT.TB_JOBTABLE (IDJOBS,CATID,TERMID,EMPID,JTABID) values ('14',1003,3004,'30002',383);
Insert into ROOT.TB_JOBTABLE (IDJOBS,CATID,TERMID,EMPID,JTABID) values ('14',1002,3001,'30002',382);
Insert into ROOT.TB_JOBTABLE (IDJOBS,CATID,TERMID,EMPID,JTABID) values ('34',10000,10000,'30012',236);
Insert into ROOT.TB_JOBTABLE (IDJOBS,CATID,TERMID,EMPID,JTABID) values ('13',1004,7000,'30002',381);
Insert into ROOT.TB_JOBTABLE (IDJOBS,CATID,TERMID,EMPID,JTABID) values ('13',1003,3004,'30002',380);
Insert into ROOT.TB_JOBTABLE (IDJOBS,CATID,TERMID,EMPID,JTABID) values ('13',1002,3001,'30002',379);
Insert into ROOT.TB_JOBTABLE (IDJOBS,CATID,TERMID,EMPID,JTABID) values ('12',1004,7000,'30002',378);
Insert into ROOT.TB_JOBTABLE (IDJOBS,CATID,TERMID,EMPID,JTABID) values ('12',1003,3003,'30002',377);
Insert into ROOT.TB_JOBTABLE (IDJOBS,CATID,TERMID,EMPID,JTABID) values ('12',1002,3001,'30002',376);
Insert into ROOT.TB_JOBTABLE (IDJOBS,CATID,TERMID,EMPID,JTABID) values ('11',1004,7000,'30002',375);
Insert into ROOT.TB_JOBTABLE (IDJOBS,CATID,TERMID,EMPID,JTABID) values ('11',1003,3003,'30002',374);
Insert into ROOT.TB_JOBTABLE (IDJOBS,CATID,TERMID,EMPID,JTABID) values ('11',1002,3000,'30002',373);
Insert into ROOT.TB_JOBTABLE (IDJOBS,CATID,TERMID,EMPID,JTABID) values ('10',1004,7000,'30002',372);
Insert into ROOT.TB_JOBTABLE (IDJOBS,CATID,TERMID,EMPID,JTABID) values ('10',1003,3004,'30002',371);
Insert into ROOT.TB_JOBTABLE (IDJOBS,CATID,TERMID,EMPID,JTABID) values ('10',1002,3002,'30002',370);
Insert into ROOT.TB_JOBTABLE (IDJOBS,CATID,TERMID,EMPID,JTABID) values ('9',1004,7001,'30002',369);
Insert into ROOT.TB_JOBTABLE (IDJOBS,CATID,TERMID,EMPID,JTABID) values ('35',10000,10000,'30002',250);
Insert into ROOT.TB_JOBTABLE (IDJOBS,CATID,TERMID,EMPID,JTABID) values ('9',1003,3003,'30002',368);
Insert into ROOT.TB_JOBTABLE (IDJOBS,CATID,TERMID,EMPID,JTABID) values ('9',1002,3000,'30002',367);
Insert into ROOT.TB_JOBTABLE (IDJOBS,CATID,TERMID,EMPID,JTABID) values ('8',1004,7000,'30002',366);
Insert into ROOT.TB_JOBTABLE (IDJOBS,CATID,TERMID,EMPID,JTABID) values ('8',1003,3003,'30002',365);
Insert into ROOT.TB_JOBTABLE (IDJOBS,CATID,TERMID,EMPID,JTABID) values ('8',1002,3000,'30002',364);
Insert into ROOT.TB_JOBTABLE (IDJOBS,CATID,TERMID,EMPID,JTABID) values ('7',1004,7000,'30002',363);
Insert into ROOT.TB_JOBTABLE (IDJOBS,CATID,TERMID,EMPID,JTABID) values ('7',1003,3003,'30002',362);
Insert into ROOT.TB_JOBTABLE (IDJOBS,CATID,TERMID,EMPID,JTABID) values ('7',1002,3000,'30002',361);
Insert into ROOT.TB_JOBTABLE (IDJOBS,CATID,TERMID,EMPID,JTABID) values ('6',1004,7000,'30002',360);
Insert into ROOT.TB_JOBTABLE (IDJOBS,CATID,TERMID,EMPID,JTABID) values ('6',1003,3003,'30002',359);
Insert into ROOT.TB_JOBTABLE (IDJOBS,CATID,TERMID,EMPID,JTABID) values ('6',1002,3001,'30002',358);
Insert into ROOT.TB_JOBTABLE (IDJOBS,CATID,TERMID,EMPID,JTABID) values ('3',1004,7000,'30002',357);
Insert into ROOT.TB_JOBTABLE (IDJOBS,CATID,TERMID,EMPID,JTABID) values ('3',1003,3003,'30002',356);
Insert into ROOT.TB_JOBTABLE (IDJOBS,CATID,TERMID,EMPID,JTABID) values ('3',1002,3001,'30002',355);
Insert into ROOT.TB_JOBTABLE (IDJOBS,CATID,TERMID,EMPID,JTABID) values ('2',1004,7000,'30002',354);
Insert into ROOT.TB_JOBTABLE (IDJOBS,CATID,TERMID,EMPID,JTABID) values ('2',1003,3003,'30002',353);
Insert into ROOT.TB_JOBTABLE (IDJOBS,CATID,TERMID,EMPID,JTABID) values ('2',1002,3000,'30002',352);
Insert into ROOT.TB_JOBTABLE (IDJOBS,CATID,TERMID,EMPID,JTABID) values ('1',1004,7000,'30002',351);
Insert into ROOT.TB_JOBTABLE (IDJOBS,CATID,TERMID,EMPID,JTABID) values ('1',1003,3003,'30002',350);
Insert into ROOT.TB_JOBTABLE (IDJOBS,CATID,TERMID,EMPID,JTABID) values ('1',1002,3000,'30002',349);
Insert into ROOT.TB_JOBTABLE (IDJOBS,CATID,TERMID,EMPID,JTABID) values ('36',1000,4003,'30003',444);
Insert into ROOT.TB_JOBTABLE (IDJOBS,CATID,TERMID,EMPID,JTABID) values ('36',10000,10000,'30003',327);
Insert into ROOT.TB_JOBTABLE (IDJOBS,CATID,TERMID,EMPID,JTABID) values ('36',1000,4002,'30003',443);
Insert into ROOT.TB_JOBTABLE (IDJOBS,CATID,TERMID,EMPID,JTABID) values ('36',1000,4001,'30003',442);
Insert into ROOT.TB_JOBTABLE (IDJOBS,CATID,TERMID,EMPID,JTABID) values ('4',1004,7000,'30003',345);
Insert into ROOT.TB_JOBTABLE (IDJOBS,CATID,TERMID,EMPID,JTABID) values ('4',1003,3003,'30003',344);
Insert into ROOT.TB_JOBTABLE (IDJOBS,CATID,TERMID,EMPID,JTABID) values ('4',1002,3000,'30003',343);
REM INSERTING into ROOT.TB_JOBVIEWS
SET DEFINE OFF;
Insert into ROOT.TB_JOBVIEWS (IDJOBVIEWS,EMPID,DTENTERED,JVIEWTYPE) values ('d78dabd54c8c2940','30002',to_date('29-NOV-12','DD-MON-RR'),null);
Insert into ROOT.TB_JOBVIEWS (IDJOBVIEWS,EMPID,DTENTERED,JVIEWTYPE) values ('571e3d472773dc1e','30002',to_date('29-NOV-12','DD-MON-RR'),null);
Insert into ROOT.TB_JOBVIEWS (IDJOBVIEWS,EMPID,DTENTERED,JVIEWTYPE) values ('90fcda7d933db1bb','30002',to_date('29-NOV-12','DD-MON-RR'),null);
Insert into ROOT.TB_JOBVIEWS (IDJOBVIEWS,EMPID,DTENTERED,JVIEWTYPE) values ('cfa1338e3b560706','30002',to_date('29-NOV-12','DD-MON-RR'),null);
Insert into ROOT.TB_JOBVIEWS (IDJOBVIEWS,EMPID,DTENTERED,JVIEWTYPE) values ('ce8c9a58a2f38412','30002',to_date('29-NOV-12','DD-MON-RR'),null);
Insert into ROOT.TB_JOBVIEWS (IDJOBVIEWS,EMPID,DTENTERED,JVIEWTYPE) values ('b12e6424a933e76c','30002',to_date('29-NOV-12','DD-MON-RR'),null);
Insert into ROOT.TB_JOBVIEWS (IDJOBVIEWS,EMPID,DTENTERED,JVIEWTYPE) values ('c19783f55d4ea6e1','30002',to_date('29-NOV-12','DD-MON-RR'),null);
Insert into ROOT.TB_JOBVIEWS (IDJOBVIEWS,EMPID,DTENTERED,JVIEWTYPE) values ('45ecbcdcd13b22f7','30002',to_date('29-NOV-12','DD-MON-RR'),null);
Insert into ROOT.TB_JOBVIEWS (IDJOBVIEWS,EMPID,DTENTERED,JVIEWTYPE) values ('3083f6ce9bc58d37','30002',to_date('29-NOV-12','DD-MON-RR'),null);
Insert into ROOT.TB_JOBVIEWS (IDJOBVIEWS,EMPID,DTENTERED,JVIEWTYPE) values ('95ebc7739050491d','30002',to_date('29-NOV-12','DD-MON-RR'),null);
Insert into ROOT.TB_JOBVIEWS (IDJOBVIEWS,EMPID,DTENTERED,JVIEWTYPE) values ('35a0b023d7f66c47','30003',to_date('29-NOV-12','DD-MON-RR'),null);
Insert into ROOT.TB_JOBVIEWS (IDJOBVIEWS,EMPID,DTENTERED,JVIEWTYPE) values ('71e85d79a6bf2a62','30003',to_date('29-NOV-12','DD-MON-RR'),null);
Insert into ROOT.TB_JOBVIEWS (IDJOBVIEWS,EMPID,DTENTERED,JVIEWTYPE) values ('e722e076ff14b587','30002',to_date('29-NOV-12','DD-MON-RR'),null);
Insert into ROOT.TB_JOBVIEWS (IDJOBVIEWS,EMPID,DTENTERED,JVIEWTYPE) values ('4b7f5b4d8b09df01','30002',to_date('29-NOV-12','DD-MON-RR'),null);
Insert into ROOT.TB_JOBVIEWS (IDJOBVIEWS,EMPID,DTENTERED,JVIEWTYPE) values ('5535b93f97b0d20f','30002',to_date('29-NOV-12','DD-MON-RR'),null);
Insert into ROOT.TB_JOBVIEWS (IDJOBVIEWS,EMPID,DTENTERED,JVIEWTYPE) values ('5845ca197a8158c3','30002',to_date('29-NOV-12','DD-MON-RR'),null);
Insert into ROOT.TB_JOBVIEWS (IDJOBVIEWS,EMPID,DTENTERED,JVIEWTYPE) values ('f8eadbacea34ed3b','30002',to_date('29-NOV-12','DD-MON-RR'),null);
Insert into ROOT.TB_JOBVIEWS (IDJOBVIEWS,EMPID,DTENTERED,JVIEWTYPE) values ('19b10941dcf9a5e7','30002',to_date('29-NOV-12','DD-MON-RR'),null);
Insert into ROOT.TB_JOBVIEWS (IDJOBVIEWS,EMPID,DTENTERED,JVIEWTYPE) values ('4f37c65dd704f7a','30002',to_date('29-NOV-12','DD-MON-RR'),null);
Insert into ROOT.TB_JOBVIEWS (IDJOBVIEWS,EMPID,DTENTERED,JVIEWTYPE) values ('e6420e3b826b25f','30002',to_date('29-NOV-12','DD-MON-RR'),null);
Insert into ROOT.TB_JOBVIEWS (IDJOBVIEWS,EMPID,DTENTERED,JVIEWTYPE) values ('f5db1b108cd59da0','30002',to_date('29-NOV-12','DD-MON-RR'),null);
Insert into ROOT.TB_JOBVIEWS (IDJOBVIEWS,EMPID,DTENTERED,JVIEWTYPE) values ('2a6ee41c0a8bd446','30002',to_date('29-NOV-12','DD-MON-RR'),null);
Insert into ROOT.TB_JOBVIEWS (IDJOBVIEWS,EMPID,DTENTERED,JVIEWTYPE) values ('2e28ea565f45de71','30002',to_date('29-NOV-12','DD-MON-RR'),null);
Insert into ROOT.TB_JOBVIEWS (IDJOBVIEWS,EMPID,DTENTERED,JVIEWTYPE) values ('59dc3997599ac9f9','30002',to_date('29-NOV-12','DD-MON-RR'),null);
Insert into ROOT.TB_JOBVIEWS (IDJOBVIEWS,EMPID,DTENTERED,JVIEWTYPE) values ('de10a3ede5c80b18','30002',to_date('29-NOV-12','DD-MON-RR'),null);
Insert into ROOT.TB_JOBVIEWS (IDJOBVIEWS,EMPID,DTENTERED,JVIEWTYPE) values ('24c72b02ca7f0a7c','30002',to_date('29-NOV-12','DD-MON-RR'),null);
Insert into ROOT.TB_JOBVIEWS (IDJOBVIEWS,EMPID,DTENTERED,JVIEWTYPE) values ('dfd2d8cc4e31cc1c','30002',to_date('29-NOV-12','DD-MON-RR'),null);
Insert into ROOT.TB_JOBVIEWS (IDJOBVIEWS,EMPID,DTENTERED,JVIEWTYPE) values ('83af8273ed02be5b','30002',to_date('29-NOV-12','DD-MON-RR'),null);
Insert into ROOT.TB_JOBVIEWS (IDJOBVIEWS,EMPID,DTENTERED,JVIEWTYPE) values ('3b087b1ef175982b','30002',to_date('29-NOV-12','DD-MON-RR'),null);
Insert into ROOT.TB_JOBVIEWS (IDJOBVIEWS,EMPID,DTENTERED,JVIEWTYPE) values ('b403852a79113904','30002',to_date('29-NOV-12','DD-MON-RR'),null);
Insert into ROOT.TB_JOBVIEWS (IDJOBVIEWS,EMPID,DTENTERED,JVIEWTYPE) values ('9642d3d727ea82b5','30002',to_date('29-NOV-12','DD-MON-RR'),null);
Insert into ROOT.TB_JOBVIEWS (IDJOBVIEWS,EMPID,DTENTERED,JVIEWTYPE) values ('5458c961a95bfab6','30002',to_date('29-NOV-12','DD-MON-RR'),null);
Insert into ROOT.TB_JOBVIEWS (IDJOBVIEWS,EMPID,DTENTERED,JVIEWTYPE) values ('bc8f18e4ada3df9a','30002',to_date('29-NOV-12','DD-MON-RR'),null);
Insert into ROOT.TB_JOBVIEWS (IDJOBVIEWS,EMPID,DTENTERED,JVIEWTYPE) values ('f7b56e9e44a04a5b','30002',to_date('29-NOV-12','DD-MON-RR'),null);
Insert into ROOT.TB_JOBVIEWS (IDJOBVIEWS,EMPID,DTENTERED,JVIEWTYPE) values ('b335c790fa15a83e','30002',to_date('29-NOV-12','DD-MON-RR'),null);
Insert into ROOT.TB_JOBVIEWS (IDJOBVIEWS,EMPID,DTENTERED,JVIEWTYPE) values ('9a398508ab8c3b5a','30002',to_date('29-NOV-12','DD-MON-RR'),null);
Insert into ROOT.TB_JOBVIEWS (IDJOBVIEWS,EMPID,DTENTERED,JVIEWTYPE) values ('d8600dd659b78601','30012',to_date('29-NOV-12','DD-MON-RR'),null);
Insert into ROOT.TB_JOBVIEWS (IDJOBVIEWS,EMPID,DTENTERED,JVIEWTYPE) values ('4aea849c0ac4c787','30002',to_date('29-NOV-12','DD-MON-RR'),null);
Insert into ROOT.TB_JOBVIEWS (IDJOBVIEWS,EMPID,DTENTERED,JVIEWTYPE) values ('62713f9a24e84c49','30002',to_date('29-NOV-12','DD-MON-RR'),null);
Insert into ROOT.TB_JOBVIEWS (IDJOBVIEWS,EMPID,DTENTERED,JVIEWTYPE) values ('390c2a41268df0ff','30002',to_date('29-NOV-12','DD-MON-RR'),null);
Insert into ROOT.TB_JOBVIEWS (IDJOBVIEWS,EMPID,DTENTERED,JVIEWTYPE) values ('ed1e0926d3bd8eaa','30002',to_date('29-NOV-12','DD-MON-RR'),null);
Insert into ROOT.TB_JOBVIEWS (IDJOBVIEWS,EMPID,DTENTERED,JVIEWTYPE) values ('aa2b5d75c213e172','30012',to_date('29-NOV-12','DD-MON-RR'),null);
Insert into ROOT.TB_JOBVIEWS (IDJOBVIEWS,EMPID,DTENTERED,JVIEWTYPE) values ('5e5e545d424481ca','30012',to_date('29-NOV-12','DD-MON-RR'),null);
Insert into ROOT.TB_JOBVIEWS (IDJOBVIEWS,EMPID,DTENTERED,JVIEWTYPE) values ('3da75487a5158dac','30002',to_date('29-NOV-12','DD-MON-RR'),null);
Insert into ROOT.TB_JOBVIEWS (IDJOBVIEWS,EMPID,DTENTERED,JVIEWTYPE) values ('a5855ac40bac921f','30002',to_date('29-NOV-12','DD-MON-RR'),null);
Insert into ROOT.TB_JOBVIEWS (IDJOBVIEWS,EMPID,DTENTERED,JVIEWTYPE) values ('e05a5c830af46c68','30002',to_date('29-NOV-12','DD-MON-RR'),null);
Insert into ROOT.TB_JOBVIEWS (IDJOBVIEWS,EMPID,DTENTERED,JVIEWTYPE) values ('c3396c8bbe41da73','30002',to_date('29-NOV-12','DD-MON-RR'),null);
Insert into ROOT.TB_JOBVIEWS (IDJOBVIEWS,EMPID,DTENTERED,JVIEWTYPE) values ('fdc94e770e46b8b3','30002',to_date('29-NOV-12','DD-MON-RR'),null);
Insert into ROOT.TB_JOBVIEWS (IDJOBVIEWS,EMPID,DTENTERED,JVIEWTYPE) values ('c0ffbc447903e3e4','30020',to_date('29-NOV-12','DD-MON-RR'),null);
Insert into ROOT.TB_JOBVIEWS (IDJOBVIEWS,EMPID,DTENTERED,JVIEWTYPE) values ('80ddc6f335d43642','30012',to_date('29-NOV-12','DD-MON-RR'),null);
Insert into ROOT.TB_JOBVIEWS (IDJOBVIEWS,EMPID,DTENTERED,JVIEWTYPE) values ('bf6debd91a1903cf','30012',to_date('29-NOV-12','DD-MON-RR'),null);
Insert into ROOT.TB_JOBVIEWS (IDJOBVIEWS,EMPID,DTENTERED,JVIEWTYPE) values ('aa0b74232577e516','30012',to_date('29-NOV-12','DD-MON-RR'),null);
Insert into ROOT.TB_JOBVIEWS (IDJOBVIEWS,EMPID,DTENTERED,JVIEWTYPE) values ('8090b03d1876ab72','30012',to_date('29-NOV-12','DD-MON-RR'),null);
Insert into ROOT.TB_JOBVIEWS (IDJOBVIEWS,EMPID,DTENTERED,JVIEWTYPE) values ('a3ae4083882e589d','30012',to_date('29-NOV-12','DD-MON-RR'),null);
Insert into ROOT.TB_JOBVIEWS (IDJOBVIEWS,EMPID,DTENTERED,JVIEWTYPE) values ('164e26c0b545a9f0','30012',to_date('29-NOV-12','DD-MON-RR'),null);
Insert into ROOT.TB_JOBVIEWS (IDJOBVIEWS,EMPID,DTENTERED,JVIEWTYPE) values ('aaf7193a7db35ac3','30002',to_date('29-NOV-12','DD-MON-RR'),null);
Insert into ROOT.TB_JOBVIEWS (IDJOBVIEWS,EMPID,DTENTERED,JVIEWTYPE) values ('fe2d5f30de43563c','30002',to_date('29-NOV-12','DD-MON-RR'),null);
Insert into ROOT.TB_JOBVIEWS (IDJOBVIEWS,EMPID,DTENTERED,JVIEWTYPE) values ('d44fb93b5ac96335','30002',to_date('29-NOV-12','DD-MON-RR'),null);
Insert into ROOT.TB_JOBVIEWS (IDJOBVIEWS,EMPID,DTENTERED,JVIEWTYPE) values ('42402141f29998b6','30002',to_date('29-NOV-12','DD-MON-RR'),null);
Insert into ROOT.TB_JOBVIEWS (IDJOBVIEWS,EMPID,DTENTERED,JVIEWTYPE) values ('7deb2da7327fa53b','30002',to_date('29-NOV-12','DD-MON-RR'),null);
Insert into ROOT.TB_JOBVIEWS (IDJOBVIEWS,EMPID,DTENTERED,JVIEWTYPE) values ('155905eb0bc15b6e','30002',to_date('29-NOV-12','DD-MON-RR'),null);
Insert into ROOT.TB_JOBVIEWS (IDJOBVIEWS,EMPID,DTENTERED,JVIEWTYPE) values ('9a696e085d74d494','30002',to_date('29-NOV-12','DD-MON-RR'),null);
Insert into ROOT.TB_JOBVIEWS (IDJOBVIEWS,EMPID,DTENTERED,JVIEWTYPE) values ('41b07b8530e8e286','30002',to_date('29-NOV-12','DD-MON-RR'),null);
Insert into ROOT.TB_JOBVIEWS (IDJOBVIEWS,EMPID,DTENTERED,JVIEWTYPE) values ('a60641af56e36959','30002',to_date('29-NOV-12','DD-MON-RR'),null);
Insert into ROOT.TB_JOBVIEWS (IDJOBVIEWS,EMPID,DTENTERED,JVIEWTYPE) values ('24907143fc4c8962','30002',to_date('29-NOV-12','DD-MON-RR'),null);
Insert into ROOT.TB_JOBVIEWS (IDJOBVIEWS,EMPID,DTENTERED,JVIEWTYPE) values ('4887e204783c2600','30002',to_date('29-NOV-12','DD-MON-RR'),null);
Insert into ROOT.TB_JOBVIEWS (IDJOBVIEWS,EMPID,DTENTERED,JVIEWTYPE) values ('b5fa28a262d786b2','30002',to_date('29-NOV-12','DD-MON-RR'),null);
Insert into ROOT.TB_JOBVIEWS (IDJOBVIEWS,EMPID,DTENTERED,JVIEWTYPE) values ('8a2e3c2c0cb89a53','30002',to_date('29-NOV-12','DD-MON-RR'),null);
Insert into ROOT.TB_JOBVIEWS (IDJOBVIEWS,EMPID,DTENTERED,JVIEWTYPE) values ('ed5c3283a3a7fb','30002',to_date('29-NOV-12','DD-MON-RR'),null);
Insert into ROOT.TB_JOBVIEWS (IDJOBVIEWS,EMPID,DTENTERED,JVIEWTYPE) values ('a0641c3942dba91c','30002',to_date('29-NOV-12','DD-MON-RR'),null);
Insert into ROOT.TB_JOBVIEWS (IDJOBVIEWS,EMPID,DTENTERED,JVIEWTYPE) values ('f112197e9f977d30','30002',to_date('29-NOV-12','DD-MON-RR'),null);
Insert into ROOT.TB_JOBVIEWS (IDJOBVIEWS,EMPID,DTENTERED,JVIEWTYPE) values ('a1d3414b82e56053','30002',to_date('29-NOV-12','DD-MON-RR'),null);
Insert into ROOT.TB_JOBVIEWS (IDJOBVIEWS,EMPID,DTENTERED,JVIEWTYPE) values ('3d9861218b0eabdd','30002',to_date('29-NOV-12','DD-MON-RR'),null);
Insert into ROOT.TB_JOBVIEWS (IDJOBVIEWS,EMPID,DTENTERED,JVIEWTYPE) values ('938d52a13bbe836c','30002',to_date('30-NOV-12','DD-MON-RR'),null);
Insert into ROOT.TB_JOBVIEWS (IDJOBVIEWS,EMPID,DTENTERED,JVIEWTYPE) values ('c2668d44d697d820','30002',to_date('30-NOV-12','DD-MON-RR'),null);
Insert into ROOT.TB_JOBVIEWS (IDJOBVIEWS,EMPID,DTENTERED,JVIEWTYPE) values ('6a65395878ee7d70','30002',to_date('30-NOV-12','DD-MON-RR'),null);
Insert into ROOT.TB_JOBVIEWS (IDJOBVIEWS,EMPID,DTENTERED,JVIEWTYPE) values ('36b132042d29fd50','30002',to_date('30-NOV-12','DD-MON-RR'),null);
Insert into ROOT.TB_JOBVIEWS (IDJOBVIEWS,EMPID,DTENTERED,JVIEWTYPE) values ('aa4f80d15e4b068d','30002',to_date('30-NOV-12','DD-MON-RR'),null);
Insert into ROOT.TB_JOBVIEWS (IDJOBVIEWS,EMPID,DTENTERED,JVIEWTYPE) values ('fba4239f2b9686a2','30002',to_date('30-NOV-12','DD-MON-RR'),null);
Insert into ROOT.TB_JOBVIEWS (IDJOBVIEWS,EMPID,DTENTERED,JVIEWTYPE) values ('f4ea9f2c0198cea','30002',to_date('30-NOV-12','DD-MON-RR'),null);
Insert into ROOT.TB_JOBVIEWS (IDJOBVIEWS,EMPID,DTENTERED,JVIEWTYPE) values ('49079d2c78f1e0e8','30002',to_date('30-NOV-12','DD-MON-RR'),null);
Insert into ROOT.TB_JOBVIEWS (IDJOBVIEWS,EMPID,DTENTERED,JVIEWTYPE) values ('a69a36b56b1e7870','30002',to_date('30-NOV-12','DD-MON-RR'),null);
Insert into ROOT.TB_JOBVIEWS (IDJOBVIEWS,EMPID,DTENTERED,JVIEWTYPE) values ('7f8604554926ce99','30002',to_date('30-NOV-12','DD-MON-RR'),null);
REM INSERTING into ROOT.TB_RECRUITERS
SET DEFINE OFF;
Insert into ROOT.TB_RECRUITERS (EMPID,SRECRUITERNAME,SADDRESS1,SADDRESS2,SADDRESS3,STOWN,SCOUNTY,SCOUNTRY,SPOSTCODE,SEMAILADDRESS,SWEBSITE,SDESCRIPTION,SDTENTERED,SENTEREDBYID,SISFEATURED,SARTICLEID,SISACTIVE) values ('30000','Harverd Brown','Manchester',null,null,null,'Manchester','UK','MP2','harverd.brown@hbrown.com','www.harwardbrown.com','Harward Brown Associates',null,null,1,'20000',1);
Insert into ROOT.TB_RECRUITERS (EMPID,SRECRUITERNAME,SADDRESS1,SADDRESS2,SADDRESS3,STOWN,SCOUNTY,SCOUNTRY,SPOSTCODE,SEMAILADDRESS,SWEBSITE,SDESCRIPTION,SDTENTERED,SENTEREDBYID,SISFEATURED,SARTICLEID,SISACTIVE) values ('30001','HBO','add1','add2','add3','town1','county1','postcode1','SERVENT','moeens@yahoo.com','website','desc',to_date('01-JAN-11','DD-MON-RR'),1,1,'10030006',1);
Insert into ROOT.TB_RECRUITERS (EMPID,SRECRUITERNAME,SADDRESS1,SADDRESS2,SADDRESS3,STOWN,SCOUNTY,SCOUNTRY,SPOSTCODE,SEMAILADDRESS,SWEBSITE,SDESCRIPTION,SDTENTERED,SENTEREDBYID,SISFEATURED,SARTICLEID,SISACTIVE) values ('30002','IBM','add1','add2','add3','town1','county1','postcode1','SERVENT','moeens@yahoo.com','website','desc',to_date('01-JAN-11','DD-MON-RR'),1,1,'10030003',1);
Insert into ROOT.TB_RECRUITERS (EMPID,SRECRUITERNAME,SADDRESS1,SADDRESS2,SADDRESS3,STOWN,SCOUNTY,SCOUNTRY,SPOSTCODE,SEMAILADDRESS,SWEBSITE,SDESCRIPTION,SDTENTERED,SENTEREDBYID,SISFEATURED,SARTICLEID,SISACTIVE) values ('30003','TNT',' aa',' aa',' aa',' aa',' ',' ',' aa',' ','website','desc',to_date('01-JAN-11','DD-MON-RR'),1,1,'10030007',0);
Insert into ROOT.TB_RECRUITERS (EMPID,SRECRUITERNAME,SADDRESS1,SADDRESS2,SADDRESS3,STOWN,SCOUNTY,SCOUNTRY,SPOSTCODE,SEMAILADDRESS,SWEBSITE,SDESCRIPTION,SDTENTERED,SENTEREDBYID,SISFEATURED,SARTICLEID,SISACTIVE) values ('30004','HP','add1','add2','add3','town1','county1','postcode1','SERVENT','moeens@yahoo.com','website','desc',to_date('01-JAN-11','DD-MON-RR'),1,1,'130002',0);
Insert into ROOT.TB_RECRUITERS (EMPID,SRECRUITERNAME,SADDRESS1,SADDRESS2,SADDRESS3,STOWN,SCOUNTY,SCOUNTRY,SPOSTCODE,SEMAILADDRESS,SWEBSITE,SDESCRIPTION,SDTENTERED,SENTEREDBYID,SISFEATURED,SARTICLEID,SISACTIVE) values ('30005','SONY','add1','add2','add3','town1','county1','postcode1','SERVENT','moeens@yahoo.com','website','desc',to_date('01-JAN-11','DD-MON-RR'),1,1,'10030004',0);
Insert into ROOT.TB_RECRUITERS (EMPID,SRECRUITERNAME,SADDRESS1,SADDRESS2,SADDRESS3,STOWN,SCOUNTY,SCOUNTRY,SPOSTCODE,SEMAILADDRESS,SWEBSITE,SDESCRIPTION,SDTENTERED,SENTEREDBYID,SISFEATURED,SARTICLEID,SISACTIVE) values ('30006','ka','k','k','k','k','k','GB','k','kk@pat.com','k','kk',to_date('05-SEP-11','DD-MON-RR'),1,1,'10030006',1);
Insert into ROOT.TB_RECRUITERS (EMPID,SRECRUITERNAME,SADDRESS1,SADDRESS2,SADDRESS3,STOWN,SCOUNTY,SCOUNTRY,SPOSTCODE,SEMAILADDRESS,SWEBSITE,SDESCRIPTION,SDTENTERED,SENTEREDBYID,SISFEATURED,SARTICLEID,SISACTIVE) values ('30007','kb','k','k','k','k','k','GB','k','kk@pat.com','k','kk',to_date('05-SEP-11','DD-MON-RR'),1,1,'10030007',1);
Insert into ROOT.TB_RECRUITERS (EMPID,SRECRUITERNAME,SADDRESS1,SADDRESS2,SADDRESS3,STOWN,SCOUNTY,SCOUNTRY,SPOSTCODE,SEMAILADDRESS,SWEBSITE,SDESCRIPTION,SDTENTERED,SENTEREDBYID,SISFEATURED,SARTICLEID,SISACTIVE) values ('30008','kc','k','k','k','k','k','GB','k','kk@pat.com','k','kk',to_date('05-SEP-11','DD-MON-RR'),1,1,'10030008',1);
Insert into ROOT.TB_RECRUITERS (EMPID,SRECRUITERNAME,SADDRESS1,SADDRESS2,SADDRESS3,STOWN,SCOUNTY,SCOUNTRY,SPOSTCODE,SEMAILADDRESS,SWEBSITE,SDESCRIPTION,SDTENTERED,SENTEREDBYID,SISFEATURED,SARTICLEID,SISACTIVE) values ('30009','kd','k','k','k','k','k','GB','k','kk@pat.com','k','kk',to_date('05-SEP-11','DD-MON-RR'),1,1,'10030009',1);
Insert into ROOT.TB_RECRUITERS (EMPID,SRECRUITERNAME,SADDRESS1,SADDRESS2,SADDRESS3,STOWN,SCOUNTY,SCOUNTRY,SPOSTCODE,SEMAILADDRESS,SWEBSITE,SDESCRIPTION,SDTENTERED,SENTEREDBYID,SISFEATURED,SARTICLEID,SISACTIVE) values ('30010','ke','k','k','k','k','k','GB','k','kkpt@yahoo.com','k','kk',to_date('05-SEP-11','DD-MON-RR'),1,1,'10030010',1);
Insert into ROOT.TB_RECRUITERS (EMPID,SRECRUITERNAME,SADDRESS1,SADDRESS2,SADDRESS3,STOWN,SCOUNTY,SCOUNTRY,SPOSTCODE,SEMAILADDRESS,SWEBSITE,SDESCRIPTION,SDTENTERED,SENTEREDBYID,SISFEATURED,SARTICLEID,SISACTIVE) values ('30011','ra','r','r','r','r','r','GB','r','route@yahoo.com','r','r',to_date('05-SEP-11','DD-MON-RR'),1,1,'10030011',1);
Insert into ROOT.TB_RECRUITERS (EMPID,SRECRUITERNAME,SADDRESS1,SADDRESS2,SADDRESS3,STOWN,SCOUNTY,SCOUNTRY,SPOSTCODE,SEMAILADDRESS,SWEBSITE,SDESCRIPTION,SDTENTERED,SENTEREDBYID,SISFEATURED,SARTICLEID,SISACTIVE) values ('30012','kf','k','k','k','k','k','GB','k','mkh@yahoo.com','k','k',to_date('05-SEP-11','DD-MON-RR'),1,1,'10030012',1);
Insert into ROOT.TB_RECRUITERS (EMPID,SRECRUITERNAME,SADDRESS1,SADDRESS2,SADDRESS3,STOWN,SCOUNTY,SCOUNTRY,SPOSTCODE,SEMAILADDRESS,SWEBSITE,SDESCRIPTION,SDTENTERED,SENTEREDBYID,SISFEATURED,SARTICLEID,SISACTIVE) values ('30013','testcompany','test','test','test','test','test','GB','test','testcomp@yahoo.com','testweb','a test',to_date('07-SEP-11','DD-MON-RR'),1,1,'10030013',1);
Insert into ROOT.TB_RECRUITERS (EMPID,SRECRUITERNAME,SADDRESS1,SADDRESS2,SADDRESS3,STOWN,SCOUNTY,SCOUNTRY,SPOSTCODE,SEMAILADDRESS,SWEBSITE,SDESCRIPTION,SDTENTERED,SENTEREDBYID,SISFEATURED,SARTICLEID,SISACTIVE) values ('30014','ppcomp','l','l','l','l','l','GB','l','acompany@ya.com','pcom','a company',to_date('07-SEP-11','DD-MON-RR'),1,1,'10030014',1);
Insert into ROOT.TB_RECRUITERS (EMPID,SRECRUITERNAME,SADDRESS1,SADDRESS2,SADDRESS3,STOWN,SCOUNTY,SCOUNTRY,SPOSTCODE,SEMAILADDRESS,SWEBSITE,SDESCRIPTION,SDTENTERED,SENTEREDBYID,SISFEATURED,SARTICLEID,SISACTIVE) values ('30015','aas','a','a','a','a','a','GB','a','bmail@yahoo.com','a','a',to_date('07-SEP-11','DD-MON-RR'),1,1,'10030015',1);
Insert into ROOT.TB_RECRUITERS (EMPID,SRECRUITERNAME,SADDRESS1,SADDRESS2,SADDRESS3,STOWN,SCOUNTY,SCOUNTRY,SPOSTCODE,SEMAILADDRESS,SWEBSITE,SDESCRIPTION,SDTENTERED,SENTEREDBYID,SISFEATURED,SARTICLEID,SISACTIVE) values ('30016','peacock','p','p','p','p','p','GB','p','peacock@aa.com','peacock','test company',to_date('07-SEP-11','DD-MON-RR'),1,1,'10030016',1);
Insert into ROOT.TB_RECRUITERS (EMPID,SRECRUITERNAME,SADDRESS1,SADDRESS2,SADDRESS3,STOWN,SCOUNTY,SCOUNTRY,SPOSTCODE,SEMAILADDRESS,SWEBSITE,SDESCRIPTION,SDTENTERED,SENTEREDBYID,SISFEATURED,SARTICLEID,SISACTIVE) values ('30017','iphone','i','i','i','i','i','GB','i','apple@app.com','iphone','iphone is a the brand which you all know about, do we need to say more....',to_date('07-SEP-11','DD-MON-RR'),1,1,'10030017',1);
Insert into ROOT.TB_RECRUITERS (EMPID,SRECRUITERNAME,SADDRESS1,SADDRESS2,SADDRESS3,STOWN,SCOUNTY,SCOUNTRY,SPOSTCODE,SEMAILADDRESS,SWEBSITE,SDESCRIPTION,SDTENTERED,SENTEREDBYID,SISFEATURED,SARTICLEID,SISACTIVE) values ('30018','ras','r','r','r','r','r','GB','r','rrrr','r','rrrr',to_date('07-SEP-11','DD-MON-RR'),1,1,'10030018',1);
Insert into ROOT.TB_RECRUITERS (EMPID,SRECRUITERNAME,SADDRESS1,SADDRESS2,SADDRESS3,STOWN,SCOUNTY,SCOUNTRY,SPOSTCODE,SEMAILADDRESS,SWEBSITE,SDESCRIPTION,SDTENTERED,SENTEREDBYID,SISFEATURED,SARTICLEID,SISACTIVE) values ('30019','apple inc','o','o','o','o','o','GB','o','apple@app2.com','apple inc','apple inc',to_date('07-SEP-11','DD-MON-RR'),1,1,'10030019',1);
Insert into ROOT.TB_RECRUITERS (EMPID,SRECRUITERNAME,SADDRESS1,SADDRESS2,SADDRESS3,STOWN,SCOUNTY,SCOUNTRY,SPOSTCODE,SEMAILADDRESS,SWEBSITE,SDESCRIPTION,SDTENTERED,SENTEREDBYID,SISFEATURED,SARTICLEID,SISACTIVE) values ('30020','apple corporation','i','i','i','i','i','GB','i','apple@corp.com','apple','apple',to_date('07-SEP-11','DD-MON-RR'),1,1,'10030020',1);
REM INSERTING into ROOT.TB_RECUSERMAPPER
SET DEFINE OFF;
Insert into ROOT.TB_RECUSERMAPPER (IDUSERMAPPER,EMPID,IDUSERS) values (1,'30002','230002');
Insert into ROOT.TB_RECUSERMAPPER (IDUSERMAPPER,EMPID,IDUSERS) values (2,'30003','20030003');
Insert into ROOT.TB_RECUSERMAPPER (IDUSERMAPPER,EMPID,IDUSERS) values (3,'30010','20030010');
Insert into ROOT.TB_RECUSERMAPPER (IDUSERMAPPER,EMPID,IDUSERS) values (4,'30011','20030011');
Insert into ROOT.TB_RECUSERMAPPER (IDUSERMAPPER,EMPID,IDUSERS) values (5,'30012','20030012');
Insert into ROOT.TB_RECUSERMAPPER (IDUSERMAPPER,EMPID,IDUSERS) values (6,'30016','20030016');
Insert into ROOT.TB_RECUSERMAPPER (IDUSERMAPPER,EMPID,IDUSERS) values (7,'30017','20030017');
Insert into ROOT.TB_RECUSERMAPPER (IDUSERMAPPER,EMPID,IDUSERS) values (8,'30018','20030018');
Insert into ROOT.TB_RECUSERMAPPER (IDUSERMAPPER,EMPID,IDUSERS) values (9,'30020','20030020');
REM INSERTING into ROOT.TB_SPAMREPORT
SET DEFINE OFF;
REM INSERTING into ROOT.TB_SUBSCRIPTIONS
SET DEFINE OFF;
REM INSERTING into ROOT.TB_TERMS
SET DEFINE OFF;
Insert into ROOT.TB_TERMS (TERMID,STERM,MINRANGE,MAXRANGE,LIPARENT) values (3000,'Permanent',0,0,0);
Insert into ROOT.TB_TERMS (TERMID,STERM,MINRANGE,MAXRANGE,LIPARENT) values (3001,'Temporary',0,0,0);
Insert into ROOT.TB_TERMS (TERMID,STERM,MINRANGE,MAXRANGE,LIPARENT) values (3002,'Contract',0,0,0);
Insert into ROOT.TB_TERMS (TERMID,STERM,MINRANGE,MAXRANGE,LIPARENT) values (3003,'Full Time',0,0,0);
Insert into ROOT.TB_TERMS (TERMID,STERM,MINRANGE,MAXRANGE,LIPARENT) values (3004,'Part Time',0,0,0);
Insert into ROOT.TB_TERMS (TERMID,STERM,MINRANGE,MAXRANGE,LIPARENT) values (7000,'Direct',0,0,0);
Insert into ROOT.TB_TERMS (TERMID,STERM,MINRANGE,MAXRANGE,LIPARENT) values (7001,'Agents',0,0,0);
Insert into ROOT.TB_TERMS (TERMID,STERM,MINRANGE,MAXRANGE,LIPARENT) values (4001,'Zurich',0,0,0);
Insert into ROOT.TB_TERMS (TERMID,STERM,MINRANGE,MAXRANGE,LIPARENT) values (4002,'Geneva',0,0,0);
Insert into ROOT.TB_TERMS (TERMID,STERM,MINRANGE,MAXRANGE,LIPARENT) values (4003,'Bern',0,0,0);
Insert into ROOT.TB_TERMS (TERMID,STERM,MINRANGE,MAXRANGE,LIPARENT) values (4004,'Basel',0,0,0);
Insert into ROOT.TB_TERMS (TERMID,STERM,MINRANGE,MAXRANGE,LIPARENT) values (4005,'Lausanne',0,0,0);
Insert into ROOT.TB_TERMS (TERMID,STERM,MINRANGE,MAXRANGE,LIPARENT) values (4006,'Lucerne',0,0,0);
Insert into ROOT.TB_TERMS (TERMID,STERM,MINRANGE,MAXRANGE,LIPARENT) values (4007,'Winterthur',0,0,0);
Insert into ROOT.TB_TERMS (TERMID,STERM,MINRANGE,MAXRANGE,LIPARENT) values (4008,'St. Gallen',0,0,0);
Insert into ROOT.TB_TERMS (TERMID,STERM,MINRANGE,MAXRANGE,LIPARENT) values (4009,'Lugano',0,0,0);
Insert into ROOT.TB_TERMS (TERMID,STERM,MINRANGE,MAXRANGE,LIPARENT) values (4010,'Beil',0,0,0);
Insert into ROOT.TB_TERMS (TERMID,STERM,MINRANGE,MAXRANGE,LIPARENT) values (4011,'Thun',0,0,0);
Insert into ROOT.TB_TERMS (TERMID,STERM,MINRANGE,MAXRANGE,LIPARENT) values (4012,'Koniz',0,0,1);
Insert into ROOT.TB_TERMS (TERMID,STERM,MINRANGE,MAXRANGE,LIPARENT) values (4013,'La Chaux-de-fonds',0,0,0);
Insert into ROOT.TB_TERMS (TERMID,STERM,MINRANGE,MAXRANGE,LIPARENT) values (4014,'Schaffhausen',0,0,0);
Insert into ROOT.TB_TERMS (TERMID,STERM,MINRANGE,MAXRANGE,LIPARENT) values (4015,'Fribourg',0,0,0);
Insert into ROOT.TB_TERMS (TERMID,STERM,MINRANGE,MAXRANGE,LIPARENT) values (4016,'Vernier',0,0,0);
Insert into ROOT.TB_TERMS (TERMID,STERM,MINRANGE,MAXRANGE,LIPARENT) values (4017,'Chur',0,0,0);
Insert into ROOT.TB_TERMS (TERMID,STERM,MINRANGE,MAXRANGE,LIPARENT) values (4018,'Neuchatel',0,0,0);
Insert into ROOT.TB_TERMS (TERMID,STERM,MINRANGE,MAXRANGE,LIPARENT) values (4019,'Uster',0,0,0);
Insert into ROOT.TB_TERMS (TERMID,STERM,MINRANGE,MAXRANGE,LIPARENT) values (4020,'Sion',0,0,0);
Insert into ROOT.TB_TERMS (TERMID,STERM,MINRANGE,MAXRANGE,LIPARENT) values (5000,'Arts',0,0,0);
Insert into ROOT.TB_TERMS (TERMID,STERM,MINRANGE,MAXRANGE,LIPARENT) values (5001,'Management',0,0,0);
Insert into ROOT.TB_TERMS (TERMID,STERM,MINRANGE,MAXRANGE,LIPARENT) values (5002,'HR & Training',0,0,0);
Insert into ROOT.TB_TERMS (TERMID,STERM,MINRANGE,MAXRANGE,LIPARENT) values (5003,'Charities',0,0,0);
Insert into ROOT.TB_TERMS (TERMID,STERM,MINRANGE,MAXRANGE,LIPARENT) values (5004,'Volunteering',0,0,0);
Insert into ROOT.TB_TERMS (TERMID,STERM,MINRANGE,MAXRANGE,LIPARENT) values (5005,'Sales',0,0,0);
Insert into ROOT.TB_TERMS (TERMID,STERM,MINRANGE,MAXRANGE,LIPARENT) values (5006,'IT & Telecom',0,0,0);
Insert into ROOT.TB_TERMS (TERMID,STERM,MINRANGE,MAXRANGE,LIPARENT) values (5007,'Finance',0,0,0);
Insert into ROOT.TB_TERMS (TERMID,STERM,MINRANGE,MAXRANGE,LIPARENT) values (5008,'Recruitment',0,0,0);
Insert into ROOT.TB_TERMS (TERMID,STERM,MINRANGE,MAXRANGE,LIPARENT) values (5009,'Executive',0,0,0);
Insert into ROOT.TB_TERMS (TERMID,STERM,MINRANGE,MAXRANGE,LIPARENT) values (5010,'Marketing',0,0,0);
Insert into ROOT.TB_TERMS (TERMID,STERM,MINRANGE,MAXRANGE,LIPARENT) values (5011,'Media',0,0,0);
Insert into ROOT.TB_TERMS (TERMID,STERM,MINRANGE,MAXRANGE,LIPARENT) values (5012,'Health',0,0,0);
Insert into ROOT.TB_TERMS (TERMID,STERM,MINRANGE,MAXRANGE,LIPARENT) values (5013,'Social Care',0,0,0);
Insert into ROOT.TB_TERMS (TERMID,STERM,MINRANGE,MAXRANGE,LIPARENT) values (5014,'Secretarial',0,0,0);
Insert into ROOT.TB_TERMS (TERMID,STERM,MINRANGE,MAXRANGE,LIPARENT) values (6000,'0-10,000',0,10000,0);
Insert into ROOT.TB_TERMS (TERMID,STERM,MINRANGE,MAXRANGE,LIPARENT) values (6001,'10,000-20,000',10000,20000,0);
Insert into ROOT.TB_TERMS (TERMID,STERM,MINRANGE,MAXRANGE,LIPARENT) values (6002,'20,000-30,000',20000,30000,0);
Insert into ROOT.TB_TERMS (TERMID,STERM,MINRANGE,MAXRANGE,LIPARENT) values (6003,'30,000-40,000',30000,40000,0);
Insert into ROOT.TB_TERMS (TERMID,STERM,MINRANGE,MAXRANGE,LIPARENT) values (6004,'40,000-50,000',40000,50000,0);
Insert into ROOT.TB_TERMS (TERMID,STERM,MINRANGE,MAXRANGE,LIPARENT) values (6005,'+50,000',50000,100000,0);
Insert into ROOT.TB_TERMS (TERMID,STERM,MINRANGE,MAXRANGE,LIPARENT) values (10000,'Default',0,0,0);
Insert into ROOT.TB_TERMS (TERMID,STERM,MINRANGE,MAXRANGE,LIPARENT) values (8001,'NE',0,0,0);
REM INSERTING into ROOT.TB_TERMSLIST
SET DEFINE OFF;
Insert into ROOT.TB_TERMSLIST (IDTERMSLIST,TERMID,TERMLEVEL) values (1,4012,20000);
Insert into ROOT.TB_TERMSLIST (IDTERMSLIST,TERMID,TERMLEVEL) values (2,4012,20001);
Insert into ROOT.TB_TERMSLIST (IDTERMSLIST,TERMID,TERMLEVEL) values (3,4012,20002);
REM INSERTING into ROOT.TB_USERS
SET DEFINE OFF;
Insert into ROOT.TB_USERS (IDUSERS,UUSERTYPE,UUSERNAME,UPASSWORD,UPASSWORDHINT,UFIRSTNAME,ULASTNAME,UISPRIMARY,UCANDIDATEID,UACTIVATION) values ('230002',1,'moeens@ahrcloud.com','098f6bcd4621d373cade4e832627b4f6','hint','moeen','khurshid',1,null,null);
Insert into ROOT.TB_USERS (IDUSERS,UUSERTYPE,UUSERNAME,UPASSWORD,UPASSWORDHINT,UFIRSTNAME,ULASTNAME,UISPRIMARY,UCANDIDATEID,UACTIVATION) values ('20030003',1,'adam@ahrcloud.com','098f6bcd4621d373cade4e832627b4f6','hint','adam','smith',1,null,null);
Insert into ROOT.TB_USERS (IDUSERS,UUSERTYPE,UUSERNAME,UPASSWORD,UPASSWORDHINT,UFIRSTNAME,ULASTNAME,UISPRIMARY,UCANDIDATEID,UACTIVATION) values ('90000000',2,'mark@ahrcloud.com','098f6bcd4621d373cade4e832627b4f6','hint','Mark','henry',1,null,null);
Insert into ROOT.TB_USERS (IDUSERS,UUSERTYPE,UUSERNAME,UPASSWORD,UPASSWORDHINT,UFIRSTNAME,ULASTNAME,UISPRIMARY,UCANDIDATEID,UACTIVATION) values ('90000001',2,'micheal@ahrcloud.com','098f6bcd4621d373cade4e832627b4f6','na','micheal','gordon',null,null,null);
Insert into ROOT.TB_USERS (IDUSERS,UUSERTYPE,UUSERNAME,UPASSWORD,UPASSWORDHINT,UFIRSTNAME,ULASTNAME,UISPRIMARY,UCANDIDATEID,UACTIVATION) values ('90000002',2,'michelle@ahrcloud.com','098f6bcd4621d373cade4e832627b4f6','na','michelle','simpson',null,null,null);
Insert into ROOT.TB_USERS (IDUSERS,UUSERTYPE,UUSERNAME,UPASSWORD,UPASSWORDHINT,UFIRSTNAME,ULASTNAME,UISPRIMARY,UCANDIDATEID,UACTIVATION) values ('90000003',2,'sara@ahrcloud.com','098f6bcd4621d373cade4e832627b4f6','na','sara','parker',null,null,null);
Insert into ROOT.TB_USERS (IDUSERS,UUSERTYPE,UUSERNAME,UPASSWORD,UPASSWORDHINT,UFIRSTNAME,ULASTNAME,UISPRIMARY,UCANDIDATEID,UACTIVATION) values ('90000004',2,'sam@ahrcloud.com','098f6bcd4621d373cade4e832627b4f6','na','sameer','roy',null,null,null);
Insert into ROOT.TB_USERS (IDUSERS,UUSERTYPE,UUSERNAME,UPASSWORD,UPASSWORDHINT,UFIRSTNAME,ULASTNAME,UISPRIMARY,UCANDIDATEID,UACTIVATION) values ('90000005',2,'samir@ahrcloud.com','098f6bcd4621d373cade4e832627b4f6','na','sameer','chandhna',null,null,null);
Insert into ROOT.TB_USERS (IDUSERS,UUSERTYPE,UUSERNAME,UPASSWORD,UPASSWORDHINT,UFIRSTNAME,ULASTNAME,UISPRIMARY,UCANDIDATEID,UACTIVATION) values ('90000006',2,'ali@ahrcloud.com','098f6bcd4621d373cade4e832627b4f6','strom','ali','bajwa',null,null,null);
Insert into ROOT.TB_USERS (IDUSERS,UUSERTYPE,UUSERNAME,UPASSWORD,UPASSWORDHINT,UFIRSTNAME,ULASTNAME,UISPRIMARY,UCANDIDATEID,UACTIVATION) values ('90000007',2,'alexis@ahrcloud.com','098f6bcd4621d373cade4e832627b4f6','aaa','alexis','nexis',null,'4',null);
Insert into ROOT.TB_USERS (IDUSERS,UUSERTYPE,UUSERNAME,UPASSWORD,UPASSWORDHINT,UFIRSTNAME,ULASTNAME,UISPRIMARY,UCANDIDATEID,UACTIVATION) values ('90000008',2,'nexis@ahrcloud.com','098f6bcd4621d373cade4e832627b4f6','sam','nexis','look',null,null,null);
Insert into ROOT.TB_USERS (IDUSERS,UUSERTYPE,UUSERNAME,UPASSWORD,UPASSWORDHINT,UFIRSTNAME,ULASTNAME,UISPRIMARY,UCANDIDATEID,UACTIVATION) values ('20030009',1,'kat@ahrcloud.com','098f6bcd4621d373cade4e832627b4f6','hint','katherine','parker',1,'-1',null);
Insert into ROOT.TB_USERS (IDUSERS,UUSERTYPE,UUSERNAME,UPASSWORD,UPASSWORDHINT,UFIRSTNAME,ULASTNAME,UISPRIMARY,UCANDIDATEID,UACTIVATION) values ('20030010',1,'medaline@ahrcloud.com','098f6bcd4621d373cade4e832627b4f6','hint','medaline','prescot',1,'-1',null);
Insert into ROOT.TB_USERS (IDUSERS,UUSERTYPE,UUSERNAME,UPASSWORD,UPASSWORDHINT,UFIRSTNAME,ULASTNAME,UISPRIMARY,UCANDIDATEID,UACTIVATION) values ('20030011',1,'mike@ahrcloud.com','098f6bcd4621d373cade4e832627b4f6','hint','mike','jordan',1,'-1',null);
Insert into ROOT.TB_USERS (IDUSERS,UUSERTYPE,UUSERNAME,UPASSWORD,UPASSWORDHINT,UFIRSTNAME,ULASTNAME,UISPRIMARY,UCANDIDATEID,UACTIVATION) values ('20030012',1,'mkh@ahrcloud.com','098f6bcd4621d373cade4e832627b4f6','hint','moin','khan',1,'-1',null);
Insert into ROOT.TB_USERS (IDUSERS,UUSERTYPE,UUSERNAME,UPASSWORD,UPASSWORDHINT,UFIRSTNAME,ULASTNAME,UISPRIMARY,UCANDIDATEID,UACTIVATION) values ('20030013',1,'simon@ahrcloud.com','098f6bcd4621d373cade4e832627b4f6','hint','simon','hasroy',1,'-1',null);
Insert into ROOT.TB_USERS (IDUSERS,UUSERTYPE,UUSERNAME,UPASSWORD,UPASSWORDHINT,UFIRSTNAME,ULASTNAME,UISPRIMARY,UCANDIDATEID,UACTIVATION) values ('20030014',1,'pam@ahrcloud.com','098f6bcd4621d373cade4e832627b4f6','hint','pamela','anderson',1,'-1',null);
Insert into ROOT.TB_USERS (IDUSERS,UUSERTYPE,UUSERNAME,UPASSWORD,UPASSWORDHINT,UFIRSTNAME,ULASTNAME,UISPRIMARY,UCANDIDATEID,UACTIVATION) values ('20030015',1,'anderson@ahrcloud.com','098f6bcd4621d373cade4e832627b4f6','hint','anderson','micheal',1,'-1',null);
Insert into ROOT.TB_USERS (IDUSERS,UUSERTYPE,UUSERNAME,UPASSWORD,UPASSWORDHINT,UFIRSTNAME,ULASTNAME,UISPRIMARY,UCANDIDATEID,UACTIVATION) values ('20030016',1,'adnan@ahrcloud.com','098f6bcd4621d373cade4e832627b4f6','hint','adnan','chaudhury',1,'-1',null);
Insert into ROOT.TB_USERS (IDUSERS,UUSERTYPE,UUSERNAME,UPASSWORD,UPASSWORDHINT,UFIRSTNAME,ULASTNAME,UISPRIMARY,UCANDIDATEID,UACTIVATION) values ('20030017',1,'masood@ahrcloud.com','098f6bcd4621d373cade4e832627b4f6','hint','masood','butt',1,'-1',null);
Insert into ROOT.TB_USERS (IDUSERS,UUSERTYPE,UUSERNAME,UPASSWORD,UPASSWORDHINT,UFIRSTNAME,ULASTNAME,UISPRIMARY,UCANDIDATEID,UACTIVATION) values ('20030018',1,'farhan@ahrcloud.com','098f6bcd4621d373cade4e832627b4f6','hint','farhan','ahmed',1,'-1',null);
Insert into ROOT.TB_USERS (IDUSERS,UUSERTYPE,UUSERNAME,UPASSWORD,UPASSWORDHINT,UFIRSTNAME,ULASTNAME,UISPRIMARY,UCANDIDATEID,UACTIVATION) values ('20030019',1,'amy@ahrcloud.com','098f6bcd4621d373cade4e832627b4f6','hint','amy','clasper',1,'-1',null);
Insert into ROOT.TB_USERS (IDUSERS,UUSERTYPE,UUSERNAME,UPASSWORD,UPASSWORDHINT,UFIRSTNAME,ULASTNAME,UISPRIMARY,UCANDIDATEID,UACTIVATION) values ('20030020',1,'andrea@ahrcloud.com','098f6bcd4621d373cade4e832627b4f6','hint','andrea','simpson',1,'-1',null);
Insert into ROOT.TB_USERS (IDUSERS,UUSERTYPE,UUSERNAME,UPASSWORD,UPASSWORDHINT,UFIRSTNAME,ULASTNAME,UISPRIMARY,UCANDIDATEID,UACTIVATION) values ('90000009',2,'tiscali@ahrcloud.com','098f6bcd4621d373cade4e832627b4f6','app','tiscali','scott',1,'5',null);
Insert into ROOT.TB_USERS (IDUSERS,UUSERTYPE,UUSERNAME,UPASSWORD,UPASSWORDHINT,UFIRSTNAME,ULASTNAME,UISPRIMARY,UCANDIDATEID,UACTIVATION) values ('90000010',2,'aws@ahrcloud.com','098f6bcd4621d373cade4e832627b4f6','app','aws','machine',1,'6',null);
Insert into ROOT.TB_USERS (IDUSERS,UUSERTYPE,UUSERNAME,UPASSWORD,UPASSWORDHINT,UFIRSTNAME,ULASTNAME,UISPRIMARY,UCANDIDATEID,UACTIVATION) values ('90000011',2,'tamain@ahrcloud.com','098f6bcd4621d373cade4e832627b4f6','app','tamain','ahsan',1,'7',null);
Insert into ROOT.TB_USERS (IDUSERS,UUSERTYPE,UUSERNAME,UPASSWORD,UPASSWORDHINT,UFIRSTNAME,ULASTNAME,UISPRIMARY,UCANDIDATEID,UACTIVATION) values ('90000012',2,'tamoor@ahrcloud.com','098f6bcd4621d373cade4e832627b4f6','app','tamoor','malik',1,'8',null);
Insert into ROOT.TB_USERS (IDUSERS,UUSERTYPE,UUSERNAME,UPASSWORD,UPASSWORDHINT,UFIRSTNAME,ULASTNAME,UISPRIMARY,UCANDIDATEID,UACTIVATION) values ('90000013',2,'sim@ahrcloud.com','098f6bcd4621d373cade4e832627b4f6','app','sim','shah',1,'9',null);
Insert into ROOT.TB_USERS (IDUSERS,UUSERTYPE,UUSERNAME,UPASSWORD,UPASSWORDHINT,UFIRSTNAME,ULASTNAME,UISPRIMARY,UCANDIDATEID,UACTIVATION) values ('90000014',2,'cindy@ahrcloud.com','098f6bcd4621d373cade4e832627b4f6','sm','cindy','parker',1,'10',null);
Insert into ROOT.TB_USERS (IDUSERS,UUSERTYPE,UUSERNAME,UPASSWORD,UPASSWORDHINT,UFIRSTNAME,ULASTNAME,UISPRIMARY,UCANDIDATEID,UACTIVATION) values ('90000015',2,'steve@ahrcloud.com','098f6bcd4621d373cade4e832627b4f6','app','steve','john',1,'11',null);
Insert into ROOT.TB_USERS (IDUSERS,UUSERTYPE,UUSERNAME,UPASSWORD,UPASSWORDHINT,UFIRSTNAME,ULASTNAME,UISPRIMARY,UCANDIDATEID,UACTIVATION) values ('90000016',2,'john@ahrcloud.com','098f6bcd4621d373cade4e832627b4f6','app','john','mcroy',1,'11',null);
Insert into ROOT.TB_USERS (IDUSERS,UUSERTYPE,UUSERNAME,UPASSWORD,UPASSWORDHINT,UFIRSTNAME,ULASTNAME,UISPRIMARY,UCANDIDATEID,UACTIVATION) values ('90000017',2,'james@ahrcloud.com','098f6bcd4621d373cade4e832627b4f6','app','james','caan',1,'12',null);
Insert into ROOT.TB_USERS (IDUSERS,UUSERTYPE,UUSERNAME,UPASSWORD,UPASSWORDHINT,UFIRSTNAME,ULASTNAME,UISPRIMARY,UCANDIDATEID,UACTIVATION) values ('90000018',2,'millie@ahrcloud.com','4124bc0a9335c27f086f24ba207a4912','test','millie','anderson',1,'13',null);
Insert into ROOT.TB_USERS (IDUSERS,UUSERTYPE,UUSERNAME,UPASSWORD,UPASSWORDHINT,UFIRSTNAME,ULASTNAME,UISPRIMARY,UCANDIDATEID,UACTIVATION) values ('90000019',2,'andrewhuxley@ahrcloud.com','098f6bcd4621d373cade4e832627b4f6','test','Andrew','Huxley',null,'10',null);
Insert into ROOT.TB_USERS (IDUSERS,UUSERTYPE,UUSERNAME,UPASSWORD,UPASSWORDHINT,UFIRSTNAME,ULASTNAME,UISPRIMARY,UCANDIDATEID,UACTIVATION) values ('90000020',2,'andrewhuxley1@ahrcloud.com','098f6bcd4621d373cade4e832627b4f6','test','Andrew','Huxley',null,'10',null);
Insert into ROOT.TB_USERS (IDUSERS,UUSERTYPE,UUSERNAME,UPASSWORD,UPASSWORDHINT,UFIRSTNAME,ULASTNAME,UISPRIMARY,UCANDIDATEID,UACTIVATION) values ('90000021',2,'andrewhuxley2@ahrcloud.com','098f6bcd4621d373cade4e832627b4f6','test','Andrew','Huxley',null,'10',null);
Insert into ROOT.TB_USERS (IDUSERS,UUSERTYPE,UUSERNAME,UPASSWORD,UPASSWORDHINT,UFIRSTNAME,ULASTNAME,UISPRIMARY,UCANDIDATEID,UACTIVATION) values ('90000022',2,'andrewhuxley6@ahrcloud.com','098f6bcd4621d373cade4e832627b4f6','test','Andrew','Huxley',null,'10',null);
Insert into ROOT.TB_USERS (IDUSERS,UUSERTYPE,UUSERNAME,UPASSWORD,UPASSWORDHINT,UFIRSTNAME,ULASTNAME,UISPRIMARY,UCANDIDATEID,UACTIVATION) values ('98cbffd5dbd8f72e',2,'dee@yahoo.com','e358efa489f58062f10dd7316b65649e','t','Andrew','Huxley',null,'5b58993ba28f72e',null);
Insert into ROOT.TB_USERS (IDUSERS,UUSERTYPE,UUSERNAME,UPASSWORD,UPASSWORDHINT,UFIRSTNAME,ULASTNAME,UISPRIMARY,UCANDIDATEID,UACTIVATION) values ('f061fbf6ada82c94',2,'mkkk@ahrcloud.com','e358efa489f58062f10dd7316b65649e','t','tam','nam',null,'645bab65439a2c94','43de23306c104b904d35b7fdff3d377e');
Insert into ROOT.TB_USERS (IDUSERS,UUSERTYPE,UUSERNAME,UPASSWORD,UPASSWORDHINT,UFIRSTNAME,ULASTNAME,UISPRIMARY,UCANDIDATEID,UACTIVATION) values ('d76f075e571c87d9',2,'ashley.b@ahrcloud.com','098f6bcd4621d373cade4e832627b4f6','test','ashley','bennet',null,'9bead0ed98bf5fd9','0fdde93f1b53a9fe57efd57dab30079d');
Insert into ROOT.TB_USERS (IDUSERS,UUSERTYPE,UUSERNAME,UPASSWORD,UPASSWORDHINT,UFIRSTNAME,ULASTNAME,UISPRIMARY,UCANDIDATEID,UACTIVATION) values ('1f60f9c4b38a4561',2,'adam.g@ahrcloud.com','098f6bcd4621d373cade4e832627b4f6','test','ADAM','GILL',null,'3fa4592fdd0d0561','0f25fb40d027bbe82604950273419062');
Insert into ROOT.TB_USERS (IDUSERS,UUSERTYPE,UUSERNAME,UPASSWORD,UPASSWORDHINT,UFIRSTNAME,ULASTNAME,UISPRIMARY,UCANDIDATEID,UACTIVATION) values ('4be1a427ce19355a',2,'mark.a@ahrcloud.com','098f6bcd4621d373cade4e832627b4f6','test','adam','mark',null,'f98892c30b7bb55a','119d5744bd5a8092bb0cd04cb19fb90d');
Insert into ROOT.TB_USERS (IDUSERS,UUSERTYPE,UUSERNAME,UPASSWORD,UPASSWORDHINT,UFIRSTNAME,ULASTNAME,UISPRIMARY,UCANDIDATEID,UACTIVATION) values ('c8565878963f1aa3',2,'samc@ahrcloud.com','098f6bcd4621d373cade4e832627b4f6','test','Sam','Chophra',null,'89f9c134a8781aa3','3cdc0a294d55c26d6d656877c731d24d');
Insert into ROOT.TB_USERS (IDUSERS,UUSERTYPE,UUSERNAME,UPASSWORD,UPASSWORDHINT,UFIRSTNAME,ULASTNAME,UISPRIMARY,UCANDIDATEID,UACTIVATION) values ('1a33d5f2466e9fdb',2,'samch@ahrcloud.com','098f6bcd4621d373cade4e832627b4f6','test','Sam','Chophra',null,'4e58e9d1310fafdb','37911fc4a6eb7552bc85f00974c0b133');
Insert into ROOT.TB_USERS (IDUSERS,UUSERTYPE,UUSERNAME,UPASSWORD,UPASSWORDHINT,UFIRSTNAME,ULASTNAME,UISPRIMARY,UCANDIDATEID,UACTIVATION) values ('c8de0f91927ec30f',2,'samch1@ahrcloud.com','098f6bcd4621d373cade4e832627b4f6','test','Sam','Chophra',null,'c20ab7e7e511e30f','3c853953d80cdab967d4293f1089ef59');
REM INSERTING into ROOT.TB_VERSION
SET DEFINE OFF;
Insert into ROOT.TB_VERSION (IDVERSION,VERSIONNUMBER,CHECKOUT) values (1,'0.1',0);
Insert into ROOT.TB_VERSION (IDVERSION,VERSIONNUMBER,CHECKOUT) values (2,'0.2',0);
Insert into ROOT.TB_VERSION (IDVERSION,VERSIONNUMBER,CHECKOUT) values (3,'2.2',1);
Insert into ROOT.TB_VERSION (IDVERSION,VERSIONNUMBER,CHECKOUT) values (4,'2.5',1);
Insert into ROOT.TB_VERSION (IDVERSION,VERSIONNUMBER,CHECKOUT) values (5,'X1',1);
